<?xml version="1.0" encoding="UTF-8"?>
<kml xmlns="http://www.opengis.net/kml/2.2" xmlns:gx="http://www.google.com/kml/ext/2.2">
  <Document>
    <name>龙羊峡水光互补光伏电站 · 架次 LYX-2026-0618-03</name>
    <description>塔拉滩 A 区合成巡检航线。gx:coord 第三值为相对地面高度（米）。</description>
    <Placemark>
      <name>巡检航迹</name>
      <gx:Track>
        <altitudeMode>relativeToGround</altitudeMode>
        <when>2026-06-18T01:06:00Z</when>
        <when>2026-06-18T01:06:01Z</when>
        <when>2026-06-18T01:06:02Z</when>
        <when>2026-06-18T01:06:03Z</when>
        <when>2026-06-18T01:06:05Z</when>
        <when>2026-06-18T01:06:06Z</when>
        <when>2026-06-18T01:06:07Z</when>
        <when>2026-06-18T01:06:08Z</when>
        <when>2026-06-18T01:06:10Z</when>
        <when>2026-06-18T01:06:11Z</when>
        <when>2026-06-18T01:06:12Z</when>
        <when>2026-06-18T01:06:13Z</when>
        <when>2026-06-18T01:06:15Z</when>
        <when>2026-06-18T01:06:16Z</when>
        <when>2026-06-18T01:06:17Z</when>
        <when>2026-06-18T01:06:19Z</when>
        <when>2026-06-18T01:06:20Z</when>
        <when>2026-06-18T01:06:21Z</when>
        <when>2026-06-18T01:06:22Z</when>
        <when>2026-06-18T01:06:24Z</when>
        <when>2026-06-18T01:06:25Z</when>
        <when>2026-06-18T01:06:26Z</when>
        <when>2026-06-18T01:06:27Z</when>
        <when>2026-06-18T01:06:29Z</when>
        <when>2026-06-18T01:06:30Z</when>
        <when>2026-06-18T01:06:31Z</when>
        <when>2026-06-18T01:06:32Z</when>
        <when>2026-06-18T01:06:34Z</when>
        <when>2026-06-18T01:06:35Z</when>
        <when>2026-06-18T01:06:36Z</when>
        <when>2026-06-18T01:06:38Z</when>
        <when>2026-06-18T01:06:39Z</when>
        <when>2026-06-18T01:06:40Z</when>
        <when>2026-06-18T01:06:41Z</when>
        <when>2026-06-18T01:06:43Z</when>
        <when>2026-06-18T01:06:44Z</when>
        <when>2026-06-18T01:06:45Z</when>
        <when>2026-06-18T01:06:46Z</when>
        <when>2026-06-18T01:06:48Z</when>
        <when>2026-06-18T01:06:49Z</when>
        <when>2026-06-18T01:06:50Z</when>
        <when>2026-06-18T01:06:51Z</when>
        <when>2026-06-18T01:06:53Z</when>
        <when>2026-06-18T01:06:54Z</when>
        <when>2026-06-18T01:06:55Z</when>
        <when>2026-06-18T01:06:57Z</when>
        <when>2026-06-18T01:06:58Z</when>
        <when>2026-06-18T01:06:59Z</when>
        <when>2026-06-18T01:07:00Z</when>
        <when>2026-06-18T01:07:02Z</when>
        <when>2026-06-18T01:07:03Z</when>
        <when>2026-06-18T01:07:04Z</when>
        <when>2026-06-18T01:07:05Z</when>
        <when>2026-06-18T01:07:07Z</when>
        <when>2026-06-18T01:07:08Z</when>
        <when>2026-06-18T01:07:09Z</when>
        <when>2026-06-18T01:07:11Z</when>
        <when>2026-06-18T01:07:12Z</when>
        <when>2026-06-18T01:07:13Z</when>
        <when>2026-06-18T01:07:14Z</when>
        <when>2026-06-18T01:07:16Z</when>
        <when>2026-06-18T01:07:17Z</when>
        <when>2026-06-18T01:07:18Z</when>
        <when>2026-06-18T01:07:19Z</when>
        <when>2026-06-18T01:07:21Z</when>
        <when>2026-06-18T01:07:22Z</when>
        <when>2026-06-18T01:07:23Z</when>
        <when>2026-06-18T01:07:24Z</when>
        <when>2026-06-18T01:07:26Z</when>
        <when>2026-06-18T01:07:27Z</when>
        <when>2026-06-18T01:07:28Z</when>
        <when>2026-06-18T01:07:30Z</when>
        <when>2026-06-18T01:07:31Z</when>
        <when>2026-06-18T01:07:32Z</when>
        <when>2026-06-18T01:07:33Z</when>
        <when>2026-06-18T01:07:35Z</when>
        <when>2026-06-18T01:07:36Z</when>
        <when>2026-06-18T01:07:37Z</when>
        <when>2026-06-18T01:07:38Z</when>
        <when>2026-06-18T01:07:40Z</when>
        <when>2026-06-18T01:07:41Z</when>
        <when>2026-06-18T01:07:42Z</when>
        <when>2026-06-18T01:07:43Z</when>
        <when>2026-06-18T01:07:45Z</when>
        <when>2026-06-18T01:07:46Z</when>
        <when>2026-06-18T01:07:47Z</when>
        <when>2026-06-18T01:07:49Z</when>
        <when>2026-06-18T01:07:49Z</when>
        <when>2026-06-18T01:07:50Z</when>
        <when>2026-06-18T01:07:51Z</when>
        <when>2026-06-18T01:07:51Z</when>
        <when>2026-06-18T01:07:52Z</when>
        <when>2026-06-18T01:07:53Z</when>
        <when>2026-06-18T01:07:53Z</when>
        <when>2026-06-18T01:07:54Z</when>
        <when>2026-06-18T01:07:55Z</when>
        <when>2026-06-18T01:07:55Z</when>
        <when>2026-06-18T01:07:56Z</when>
        <when>2026-06-18T01:07:57Z</when>
        <when>2026-06-18T01:07:57Z</when>
        <when>2026-06-18T01:07:58Z</when>
        <when>2026-06-18T01:07:59Z</when>
        <when>2026-06-18T01:07:59Z</when>
        <when>2026-06-18T01:08:00Z</when>
        <when>2026-06-18T01:08:00Z</when>
        <when>2026-06-18T01:08:02Z</when>
        <when>2026-06-18T01:08:03Z</when>
        <when>2026-06-18T01:08:04Z</when>
        <when>2026-06-18T01:08:06Z</when>
        <when>2026-06-18T01:08:07Z</when>
        <when>2026-06-18T01:08:08Z</when>
        <when>2026-06-18T01:08:09Z</when>
        <when>2026-06-18T01:08:11Z</when>
        <when>2026-06-18T01:08:12Z</when>
        <when>2026-06-18T01:08:13Z</when>
        <when>2026-06-18T01:08:14Z</when>
        <when>2026-06-18T01:08:16Z</when>
        <when>2026-06-18T01:08:17Z</when>
        <when>2026-06-18T01:08:18Z</when>
        <when>2026-06-18T01:08:20Z</when>
        <when>2026-06-18T01:08:21Z</when>
        <when>2026-06-18T01:08:22Z</when>
        <when>2026-06-18T01:08:23Z</when>
        <when>2026-06-18T01:08:25Z</when>
        <when>2026-06-18T01:08:26Z</when>
        <when>2026-06-18T01:08:27Z</when>
        <when>2026-06-18T01:08:28Z</when>
        <when>2026-06-18T01:08:30Z</when>
        <when>2026-06-18T01:08:31Z</when>
        <when>2026-06-18T01:08:32Z</when>
        <when>2026-06-18T01:08:33Z</when>
        <when>2026-06-18T01:08:35Z</when>
        <when>2026-06-18T01:08:36Z</when>
        <when>2026-06-18T01:08:37Z</when>
        <when>2026-06-18T01:08:39Z</when>
        <when>2026-06-18T01:08:40Z</when>
        <when>2026-06-18T01:08:41Z</when>
        <when>2026-06-18T01:08:42Z</when>
        <when>2026-06-18T01:08:44Z</when>
        <when>2026-06-18T01:08:45Z</when>
        <when>2026-06-18T01:08:46Z</when>
        <when>2026-06-18T01:08:47Z</when>
        <when>2026-06-18T01:08:49Z</when>
        <when>2026-06-18T01:08:50Z</when>
        <when>2026-06-18T01:08:51Z</when>
        <when>2026-06-18T01:08:52Z</when>
        <when>2026-06-18T01:08:54Z</when>
        <when>2026-06-18T01:08:55Z</when>
        <when>2026-06-18T01:08:56Z</when>
        <when>2026-06-18T01:08:58Z</when>
        <when>2026-06-18T01:08:59Z</when>
        <when>2026-06-18T01:09:00Z</when>
        <when>2026-06-18T01:09:01Z</when>
        <when>2026-06-18T01:09:03Z</when>
        <when>2026-06-18T01:09:04Z</when>
        <when>2026-06-18T01:09:05Z</when>
        <when>2026-06-18T01:09:06Z</when>
        <when>2026-06-18T01:09:08Z</when>
        <when>2026-06-18T01:09:09Z</when>
        <when>2026-06-18T01:09:10Z</when>
        <when>2026-06-18T01:09:12Z</when>
        <when>2026-06-18T01:09:13Z</when>
        <when>2026-06-18T01:09:14Z</when>
        <when>2026-06-18T01:09:15Z</when>
        <when>2026-06-18T01:09:17Z</when>
        <when>2026-06-18T01:09:18Z</when>
        <when>2026-06-18T01:09:19Z</when>
        <when>2026-06-18T01:09:20Z</when>
        <when>2026-06-18T01:09:22Z</when>
        <when>2026-06-18T01:09:23Z</when>
        <when>2026-06-18T01:09:24Z</when>
        <when>2026-06-18T01:09:25Z</when>
        <when>2026-06-18T01:09:27Z</when>
        <when>2026-06-18T01:09:28Z</when>
        <when>2026-06-18T01:09:29Z</when>
        <when>2026-06-18T01:09:31Z</when>
        <when>2026-06-18T01:09:32Z</when>
        <when>2026-06-18T01:09:33Z</when>
        <when>2026-06-18T01:09:34Z</when>
        <when>2026-06-18T01:09:36Z</when>
        <when>2026-06-18T01:09:37Z</when>
        <when>2026-06-18T01:09:38Z</when>
        <when>2026-06-18T01:09:39Z</when>
        <when>2026-06-18T01:09:41Z</when>
        <when>2026-06-18T01:09:42Z</when>
        <when>2026-06-18T01:09:43Z</when>
        <when>2026-06-18T01:09:44Z</when>
        <when>2026-06-18T01:09:46Z</when>
        <when>2026-06-18T01:09:47Z</when>
        <when>2026-06-18T01:09:48Z</when>
        <when>2026-06-18T01:09:50Z</when>
        <when>2026-06-18T01:09:50Z</when>
        <when>2026-06-18T01:09:51Z</when>
        <when>2026-06-18T01:09:52Z</when>
        <when>2026-06-18T01:09:52Z</when>
        <when>2026-06-18T01:09:53Z</when>
        <when>2026-06-18T01:09:54Z</when>
        <when>2026-06-18T01:09:54Z</when>
        <when>2026-06-18T01:09:55Z</when>
        <when>2026-06-18T01:09:56Z</when>
        <when>2026-06-18T01:09:56Z</when>
        <when>2026-06-18T01:09:57Z</when>
        <when>2026-06-18T01:09:58Z</when>
        <when>2026-06-18T01:09:58Z</when>
        <when>2026-06-18T01:09:59Z</when>
        <when>2026-06-18T01:10:00Z</when>
        <when>2026-06-18T01:10:00Z</when>
        <when>2026-06-18T01:10:01Z</when>
        <when>2026-06-18T01:10:01Z</when>
        <when>2026-06-18T01:10:03Z</when>
        <when>2026-06-18T01:10:04Z</when>
        <when>2026-06-18T01:10:05Z</when>
        <when>2026-06-18T01:10:07Z</when>
        <when>2026-06-18T01:10:08Z</when>
        <when>2026-06-18T01:10:09Z</when>
        <when>2026-06-18T01:10:10Z</when>
        <when>2026-06-18T01:10:12Z</when>
        <when>2026-06-18T01:10:13Z</when>
        <when>2026-06-18T01:10:14Z</when>
        <when>2026-06-18T01:10:15Z</when>
        <when>2026-06-18T01:10:17Z</when>
        <when>2026-06-18T01:10:18Z</when>
        <when>2026-06-18T01:10:19Z</when>
        <when>2026-06-18T01:10:21Z</when>
        <when>2026-06-18T01:10:22Z</when>
        <when>2026-06-18T01:10:23Z</when>
        <when>2026-06-18T01:10:24Z</when>
        <when>2026-06-18T01:10:26Z</when>
        <when>2026-06-18T01:10:27Z</when>
        <when>2026-06-18T01:10:28Z</when>
        <when>2026-06-18T01:10:29Z</when>
        <when>2026-06-18T01:10:31Z</when>
        <when>2026-06-18T01:10:32Z</when>
        <when>2026-06-18T01:10:33Z</when>
        <when>2026-06-18T01:10:34Z</when>
        <when>2026-06-18T01:10:36Z</when>
        <when>2026-06-18T01:10:37Z</when>
        <when>2026-06-18T01:10:38Z</when>
        <when>2026-06-18T01:10:40Z</when>
        <when>2026-06-18T01:10:41Z</when>
        <when>2026-06-18T01:10:42Z</when>
        <when>2026-06-18T01:10:43Z</when>
        <when>2026-06-18T01:10:45Z</when>
        <when>2026-06-18T01:10:46Z</when>
        <when>2026-06-18T01:10:47Z</when>
        <when>2026-06-18T01:10:48Z</when>
        <when>2026-06-18T01:10:50Z</when>
        <when>2026-06-18T01:10:51Z</when>
        <when>2026-06-18T01:10:52Z</when>
        <when>2026-06-18T01:10:53Z</when>
        <when>2026-06-18T01:10:55Z</when>
        <when>2026-06-18T01:10:56Z</when>
        <when>2026-06-18T01:10:57Z</when>
        <when>2026-06-18T01:10:59Z</when>
        <when>2026-06-18T01:11:00Z</when>
        <when>2026-06-18T01:11:01Z</when>
        <when>2026-06-18T01:11:02Z</when>
        <when>2026-06-18T01:11:04Z</when>
        <when>2026-06-18T01:11:05Z</when>
        <when>2026-06-18T01:11:06Z</when>
        <when>2026-06-18T01:11:07Z</when>
        <when>2026-06-18T01:11:09Z</when>
        <when>2026-06-18T01:11:10Z</when>
        <when>2026-06-18T01:11:11Z</when>
        <when>2026-06-18T01:11:12Z</when>
        <when>2026-06-18T01:11:14Z</when>
        <when>2026-06-18T01:11:15Z</when>
        <when>2026-06-18T01:11:16Z</when>
        <when>2026-06-18T01:11:18Z</when>
        <when>2026-06-18T01:11:19Z</when>
        <when>2026-06-18T01:11:20Z</when>
        <when>2026-06-18T01:11:21Z</when>
        <when>2026-06-18T01:11:23Z</when>
        <when>2026-06-18T01:11:24Z</when>
        <when>2026-06-18T01:11:25Z</when>
        <when>2026-06-18T01:11:26Z</when>
        <when>2026-06-18T01:11:28Z</when>
        <when>2026-06-18T01:11:29Z</when>
        <when>2026-06-18T01:11:30Z</when>
        <when>2026-06-18T01:11:32Z</when>
        <when>2026-06-18T01:11:33Z</when>
        <when>2026-06-18T01:11:34Z</when>
        <when>2026-06-18T01:11:35Z</when>
        <when>2026-06-18T01:11:37Z</when>
        <when>2026-06-18T01:11:38Z</when>
        <when>2026-06-18T01:11:39Z</when>
        <when>2026-06-18T01:11:40Z</when>
        <when>2026-06-18T01:11:42Z</when>
        <when>2026-06-18T01:11:43Z</when>
        <when>2026-06-18T01:11:44Z</when>
        <when>2026-06-18T01:11:45Z</when>
        <when>2026-06-18T01:11:47Z</when>
        <when>2026-06-18T01:11:48Z</when>
        <when>2026-06-18T01:11:49Z</when>
        <when>2026-06-18T01:11:51Z</when>
        <when>2026-06-18T01:11:51Z</when>
        <when>2026-06-18T01:11:52Z</when>
        <when>2026-06-18T01:11:53Z</when>
        <when>2026-06-18T01:11:53Z</when>
        <when>2026-06-18T01:11:54Z</when>
        <when>2026-06-18T01:11:55Z</when>
        <when>2026-06-18T01:11:55Z</when>
        <when>2026-06-18T01:11:56Z</when>
        <when>2026-06-18T01:11:57Z</when>
        <when>2026-06-18T01:11:57Z</when>
        <when>2026-06-18T01:11:58Z</when>
        <when>2026-06-18T01:11:59Z</when>
        <when>2026-06-18T01:11:59Z</when>
        <when>2026-06-18T01:12:00Z</when>
        <when>2026-06-18T01:12:00Z</when>
        <when>2026-06-18T01:12:01Z</when>
        <when>2026-06-18T01:12:02Z</when>
        <when>2026-06-18T01:12:02Z</when>
        <when>2026-06-18T01:12:04Z</when>
        <when>2026-06-18T01:12:05Z</when>
        <when>2026-06-18T01:12:06Z</when>
        <when>2026-06-18T01:12:08Z</when>
        <when>2026-06-18T01:12:09Z</when>
        <when>2026-06-18T01:12:10Z</when>
        <when>2026-06-18T01:12:11Z</when>
        <when>2026-06-18T01:12:13Z</when>
        <when>2026-06-18T01:12:14Z</when>
        <when>2026-06-18T01:12:15Z</when>
        <when>2026-06-18T01:12:16Z</when>
        <when>2026-06-18T01:12:18Z</when>
        <when>2026-06-18T01:12:19Z</when>
        <when>2026-06-18T01:12:20Z</when>
        <when>2026-06-18T01:12:22Z</when>
        <when>2026-06-18T01:12:23Z</when>
        <when>2026-06-18T01:12:24Z</when>
        <when>2026-06-18T01:12:25Z</when>
        <when>2026-06-18T01:12:27Z</when>
        <when>2026-06-18T01:12:28Z</when>
        <when>2026-06-18T01:12:29Z</when>
        <when>2026-06-18T01:12:30Z</when>
        <when>2026-06-18T01:12:32Z</when>
        <when>2026-06-18T01:12:33Z</when>
        <when>2026-06-18T01:12:34Z</when>
        <when>2026-06-18T01:12:35Z</when>
        <when>2026-06-18T01:12:37Z</when>
        <when>2026-06-18T01:12:38Z</when>
        <when>2026-06-18T01:12:39Z</when>
        <when>2026-06-18T01:12:41Z</when>
        <when>2026-06-18T01:12:42Z</when>
        <when>2026-06-18T01:12:43Z</when>
        <when>2026-06-18T01:12:44Z</when>
        <when>2026-06-18T01:12:46Z</when>
        <when>2026-06-18T01:12:47Z</when>
        <when>2026-06-18T01:12:48Z</when>
        <when>2026-06-18T01:12:49Z</when>
        <when>2026-06-18T01:12:51Z</when>
        <when>2026-06-18T01:12:52Z</when>
        <when>2026-06-18T01:12:53Z</when>
        <when>2026-06-18T01:12:54Z</when>
        <when>2026-06-18T01:12:56Z</when>
        <when>2026-06-18T01:12:57Z</when>
        <when>2026-06-18T01:12:58Z</when>
        <when>2026-06-18T01:13:00Z</when>
        <when>2026-06-18T01:13:01Z</when>
        <when>2026-06-18T01:13:02Z</when>
        <when>2026-06-18T01:13:03Z</when>
        <when>2026-06-18T01:13:05Z</when>
        <when>2026-06-18T01:13:06Z</when>
        <when>2026-06-18T01:13:07Z</when>
        <when>2026-06-18T01:13:08Z</when>
        <when>2026-06-18T01:13:10Z</when>
        <when>2026-06-18T01:13:11Z</when>
        <when>2026-06-18T01:13:12Z</when>
        <when>2026-06-18T01:13:13Z</when>
        <when>2026-06-18T01:13:15Z</when>
        <when>2026-06-18T01:13:16Z</when>
        <when>2026-06-18T01:13:17Z</when>
        <when>2026-06-18T01:13:19Z</when>
        <when>2026-06-18T01:13:20Z</when>
        <when>2026-06-18T01:13:21Z</when>
        <when>2026-06-18T01:13:22Z</when>
        <when>2026-06-18T01:13:24Z</when>
        <when>2026-06-18T01:13:25Z</when>
        <when>2026-06-18T01:13:26Z</when>
        <when>2026-06-18T01:13:27Z</when>
        <when>2026-06-18T01:13:29Z</when>
        <when>2026-06-18T01:13:30Z</when>
        <when>2026-06-18T01:13:31Z</when>
        <when>2026-06-18T01:13:33Z</when>
        <when>2026-06-18T01:13:34Z</when>
        <when>2026-06-18T01:13:35Z</when>
        <when>2026-06-18T01:13:36Z</when>
        <when>2026-06-18T01:13:38Z</when>
        <when>2026-06-18T01:13:39Z</when>
        <when>2026-06-18T01:13:40Z</when>
        <when>2026-06-18T01:13:41Z</when>
        <when>2026-06-18T01:13:43Z</when>
        <when>2026-06-18T01:13:44Z</when>
        <when>2026-06-18T01:13:45Z</when>
        <when>2026-06-18T01:13:46Z</when>
        <when>2026-06-18T01:13:48Z</when>
        <when>2026-06-18T01:13:49Z</when>
        <when>2026-06-18T01:13:50Z</when>
        <when>2026-06-18T01:13:52Z</when>
        <when>2026-06-18T01:13:52Z</when>
        <when>2026-06-18T01:13:53Z</when>
        <when>2026-06-18T01:13:54Z</when>
        <when>2026-06-18T01:13:54Z</when>
        <when>2026-06-18T01:13:55Z</when>
        <when>2026-06-18T01:13:56Z</when>
        <when>2026-06-18T01:13:56Z</when>
        <when>2026-06-18T01:13:57Z</when>
        <when>2026-06-18T01:13:58Z</when>
        <when>2026-06-18T01:13:58Z</when>
        <when>2026-06-18T01:13:59Z</when>
        <when>2026-06-18T01:14:00Z</when>
        <when>2026-06-18T01:14:00Z</when>
        <when>2026-06-18T01:14:01Z</when>
        <when>2026-06-18T01:14:01Z</when>
        <when>2026-06-18T01:14:02Z</when>
        <when>2026-06-18T01:14:03Z</when>
        <when>2026-06-18T01:14:03Z</when>
        <when>2026-06-18T01:14:05Z</when>
        <when>2026-06-18T01:14:06Z</when>
        <when>2026-06-18T01:14:07Z</when>
        <when>2026-06-18T01:14:09Z</when>
        <when>2026-06-18T01:14:10Z</when>
        <when>2026-06-18T01:14:11Z</when>
        <when>2026-06-18T01:14:12Z</when>
        <when>2026-06-18T01:14:14Z</when>
        <when>2026-06-18T01:14:15Z</when>
        <when>2026-06-18T01:14:16Z</when>
        <when>2026-06-18T01:14:17Z</when>
        <when>2026-06-18T01:14:19Z</when>
        <when>2026-06-18T01:14:20Z</when>
        <when>2026-06-18T01:14:21Z</when>
        <when>2026-06-18T01:14:23Z</when>
        <when>2026-06-18T01:14:24Z</when>
        <when>2026-06-18T01:14:25Z</when>
        <when>2026-06-18T01:14:26Z</when>
        <when>2026-06-18T01:14:28Z</when>
        <when>2026-06-18T01:14:29Z</when>
        <when>2026-06-18T01:14:30Z</when>
        <when>2026-06-18T01:14:31Z</when>
        <when>2026-06-18T01:14:33Z</when>
        <when>2026-06-18T01:14:34Z</when>
        <when>2026-06-18T01:14:35Z</when>
        <when>2026-06-18T01:14:36Z</when>
        <when>2026-06-18T01:14:38Z</when>
        <when>2026-06-18T01:14:39Z</when>
        <when>2026-06-18T01:14:40Z</when>
        <when>2026-06-18T01:14:42Z</when>
        <when>2026-06-18T01:14:43Z</when>
        <when>2026-06-18T01:14:44Z</when>
        <when>2026-06-18T01:14:45Z</when>
        <when>2026-06-18T01:14:47Z</when>
        <when>2026-06-18T01:14:48Z</when>
        <when>2026-06-18T01:14:49Z</when>
        <when>2026-06-18T01:14:50Z</when>
        <when>2026-06-18T01:14:52Z</when>
        <when>2026-06-18T01:14:53Z</when>
        <when>2026-06-18T01:14:54Z</when>
        <when>2026-06-18T01:14:55Z</when>
        <when>2026-06-18T01:14:57Z</when>
        <when>2026-06-18T01:14:58Z</when>
        <when>2026-06-18T01:14:59Z</when>
        <when>2026-06-18T01:15:01Z</when>
        <when>2026-06-18T01:15:02Z</when>
        <when>2026-06-18T01:15:03Z</when>
        <when>2026-06-18T01:15:04Z</when>
        <when>2026-06-18T01:15:06Z</when>
        <when>2026-06-18T01:15:07Z</when>
        <when>2026-06-18T01:15:08Z</when>
        <when>2026-06-18T01:15:09Z</when>
        <when>2026-06-18T01:15:11Z</when>
        <when>2026-06-18T01:15:12Z</when>
        <when>2026-06-18T01:15:13Z</when>
        <when>2026-06-18T01:15:14Z</when>
        <when>2026-06-18T01:15:16Z</when>
        <when>2026-06-18T01:15:17Z</when>
        <when>2026-06-18T01:15:18Z</when>
        <when>2026-06-18T01:15:20Z</when>
        <when>2026-06-18T01:15:21Z</when>
        <when>2026-06-18T01:15:22Z</when>
        <when>2026-06-18T01:15:23Z</when>
        <when>2026-06-18T01:15:25Z</when>
        <when>2026-06-18T01:15:26Z</when>
        <when>2026-06-18T01:15:27Z</when>
        <when>2026-06-18T01:15:28Z</when>
        <when>2026-06-18T01:15:30Z</when>
        <when>2026-06-18T01:15:31Z</when>
        <when>2026-06-18T01:15:32Z</when>
        <when>2026-06-18T01:15:34Z</when>
        <when>2026-06-18T01:15:35Z</when>
        <when>2026-06-18T01:15:36Z</when>
        <when>2026-06-18T01:15:37Z</when>
        <when>2026-06-18T01:15:39Z</when>
        <when>2026-06-18T01:15:40Z</when>
        <when>2026-06-18T01:15:41Z</when>
        <when>2026-06-18T01:15:42Z</when>
        <when>2026-06-18T01:15:44Z</when>
        <when>2026-06-18T01:15:45Z</when>
        <when>2026-06-18T01:15:46Z</when>
        <when>2026-06-18T01:15:47Z</when>
        <when>2026-06-18T01:15:49Z</when>
        <when>2026-06-18T01:15:50Z</when>
        <when>2026-06-18T01:15:51Z</when>
        <when>2026-06-18T01:15:53Z</when>
        <when>2026-06-18T01:15:53Z</when>
        <when>2026-06-18T01:15:54Z</when>
        <when>2026-06-18T01:15:55Z</when>
        <when>2026-06-18T01:15:55Z</when>
        <when>2026-06-18T01:15:56Z</when>
        <when>2026-06-18T01:15:57Z</when>
        <when>2026-06-18T01:15:57Z</when>
        <when>2026-06-18T01:15:58Z</when>
        <when>2026-06-18T01:15:59Z</when>
        <when>2026-06-18T01:15:59Z</when>
        <when>2026-06-18T01:16:00Z</when>
        <when>2026-06-18T01:16:00Z</when>
        <when>2026-06-18T01:16:01Z</when>
        <when>2026-06-18T01:16:02Z</when>
        <when>2026-06-18T01:16:02Z</when>
        <when>2026-06-18T01:16:03Z</when>
        <when>2026-06-18T01:16:04Z</when>
        <when>2026-06-18T01:16:04Z</when>
        <when>2026-06-18T01:16:06Z</when>
        <when>2026-06-18T01:16:07Z</when>
        <when>2026-06-18T01:16:08Z</when>
        <when>2026-06-18T01:16:10Z</when>
        <when>2026-06-18T01:16:11Z</when>
        <when>2026-06-18T01:16:12Z</when>
        <when>2026-06-18T01:16:13Z</when>
        <when>2026-06-18T01:16:15Z</when>
        <when>2026-06-18T01:16:16Z</when>
        <when>2026-06-18T01:16:17Z</when>
        <when>2026-06-18T01:16:18Z</when>
        <when>2026-06-18T01:16:20Z</when>
        <when>2026-06-18T01:16:21Z</when>
        <when>2026-06-18T01:16:22Z</when>
        <when>2026-06-18T01:16:23Z</when>
        <when>2026-06-18T01:16:25Z</when>
        <when>2026-06-18T01:16:26Z</when>
        <when>2026-06-18T01:16:27Z</when>
        <when>2026-06-18T01:16:29Z</when>
        <when>2026-06-18T01:16:30Z</when>
        <when>2026-06-18T01:16:31Z</when>
        <when>2026-06-18T01:16:32Z</when>
        <when>2026-06-18T01:16:34Z</when>
        <when>2026-06-18T01:16:35Z</when>
        <when>2026-06-18T01:16:36Z</when>
        <when>2026-06-18T01:16:37Z</when>
        <when>2026-06-18T01:16:39Z</when>
        <when>2026-06-18T01:16:40Z</when>
        <when>2026-06-18T01:16:41Z</when>
        <when>2026-06-18T01:16:43Z</when>
        <when>2026-06-18T01:16:44Z</when>
        <when>2026-06-18T01:16:45Z</when>
        <when>2026-06-18T01:16:46Z</when>
        <when>2026-06-18T01:16:48Z</when>
        <when>2026-06-18T01:16:49Z</when>
        <when>2026-06-18T01:16:50Z</when>
        <when>2026-06-18T01:16:51Z</when>
        <when>2026-06-18T01:16:53Z</when>
        <when>2026-06-18T01:16:54Z</when>
        <when>2026-06-18T01:16:55Z</when>
        <when>2026-06-18T01:16:56Z</when>
        <when>2026-06-18T01:16:58Z</when>
        <when>2026-06-18T01:16:59Z</when>
        <when>2026-06-18T01:17:00Z</when>
        <when>2026-06-18T01:17:02Z</when>
        <when>2026-06-18T01:17:03Z</when>
        <when>2026-06-18T01:17:04Z</when>
        <when>2026-06-18T01:17:05Z</when>
        <when>2026-06-18T01:17:07Z</when>
        <when>2026-06-18T01:17:08Z</when>
        <when>2026-06-18T01:17:09Z</when>
        <when>2026-06-18T01:17:10Z</when>
        <when>2026-06-18T01:17:12Z</when>
        <when>2026-06-18T01:17:13Z</when>
        <when>2026-06-18T01:17:14Z</when>
        <when>2026-06-18T01:17:15Z</when>
        <when>2026-06-18T01:17:17Z</when>
        <when>2026-06-18T01:17:18Z</when>
        <when>2026-06-18T01:17:19Z</when>
        <when>2026-06-18T01:17:21Z</when>
        <when>2026-06-18T01:17:22Z</when>
        <when>2026-06-18T01:17:23Z</when>
        <when>2026-06-18T01:17:24Z</when>
        <when>2026-06-18T01:17:26Z</when>
        <when>2026-06-18T01:17:27Z</when>
        <when>2026-06-18T01:17:28Z</when>
        <when>2026-06-18T01:17:29Z</when>
        <when>2026-06-18T01:17:31Z</when>
        <when>2026-06-18T01:17:32Z</when>
        <when>2026-06-18T01:17:33Z</when>
        <when>2026-06-18T01:17:35Z</when>
        <when>2026-06-18T01:17:36Z</when>
        <when>2026-06-18T01:17:37Z</when>
        <when>2026-06-18T01:17:38Z</when>
        <when>2026-06-18T01:17:40Z</when>
        <when>2026-06-18T01:17:41Z</when>
        <when>2026-06-18T01:17:42Z</when>
        <when>2026-06-18T01:17:43Z</when>
        <when>2026-06-18T01:17:45Z</when>
        <when>2026-06-18T01:17:46Z</when>
        <when>2026-06-18T01:17:47Z</when>
        <when>2026-06-18T01:17:48Z</when>
        <when>2026-06-18T01:17:50Z</when>
        <when>2026-06-18T01:17:51Z</when>
        <when>2026-06-18T01:17:52Z</when>
        <when>2026-06-18T01:17:54Z</when>
        <when>2026-06-18T01:17:54Z</when>
        <when>2026-06-18T01:17:55Z</when>
        <when>2026-06-18T01:17:56Z</when>
        <when>2026-06-18T01:17:56Z</when>
        <when>2026-06-18T01:17:57Z</when>
        <when>2026-06-18T01:17:58Z</when>
        <when>2026-06-18T01:17:58Z</when>
        <when>2026-06-18T01:17:59Z</when>
        <when>2026-06-18T01:18:00Z</when>
        <when>2026-06-18T01:18:00Z</when>
        <when>2026-06-18T01:18:01Z</when>
        <when>2026-06-18T01:18:01Z</when>
        <when>2026-06-18T01:18:02Z</when>
        <when>2026-06-18T01:18:03Z</when>
        <when>2026-06-18T01:18:03Z</when>
        <when>2026-06-18T01:18:04Z</when>
        <when>2026-06-18T01:18:05Z</when>
        <when>2026-06-18T01:18:05Z</when>
        <when>2026-06-18T01:18:07Z</when>
        <when>2026-06-18T01:18:08Z</when>
        <when>2026-06-18T01:18:09Z</when>
        <when>2026-06-18T01:18:11Z</when>
        <when>2026-06-18T01:18:12Z</when>
        <when>2026-06-18T01:18:13Z</when>
        <when>2026-06-18T01:18:14Z</when>
        <when>2026-06-18T01:18:16Z</when>
        <when>2026-06-18T01:18:17Z</when>
        <when>2026-06-18T01:18:18Z</when>
        <when>2026-06-18T01:18:19Z</when>
        <when>2026-06-18T01:18:21Z</when>
        <when>2026-06-18T01:18:22Z</when>
        <when>2026-06-18T01:18:23Z</when>
        <when>2026-06-18T01:18:24Z</when>
        <when>2026-06-18T01:18:26Z</when>
        <when>2026-06-18T01:18:27Z</when>
        <when>2026-06-18T01:18:28Z</when>
        <when>2026-06-18T01:18:30Z</when>
        <when>2026-06-18T01:18:31Z</when>
        <when>2026-06-18T01:18:32Z</when>
        <when>2026-06-18T01:18:33Z</when>
        <when>2026-06-18T01:18:35Z</when>
        <when>2026-06-18T01:18:36Z</when>
        <when>2026-06-18T01:18:37Z</when>
        <when>2026-06-18T01:18:38Z</when>
        <when>2026-06-18T01:18:40Z</when>
        <when>2026-06-18T01:18:41Z</when>
        <when>2026-06-18T01:18:42Z</when>
        <when>2026-06-18T01:18:44Z</when>
        <when>2026-06-18T01:18:45Z</when>
        <when>2026-06-18T01:18:46Z</when>
        <when>2026-06-18T01:18:47Z</when>
        <when>2026-06-18T01:18:49Z</when>
        <when>2026-06-18T01:18:50Z</when>
        <when>2026-06-18T01:18:51Z</when>
        <when>2026-06-18T01:18:52Z</when>
        <when>2026-06-18T01:18:54Z</when>
        <when>2026-06-18T01:18:55Z</when>
        <when>2026-06-18T01:18:56Z</when>
        <when>2026-06-18T01:18:57Z</when>
        <when>2026-06-18T01:18:59Z</when>
        <when>2026-06-18T01:19:00Z</when>
        <when>2026-06-18T01:19:01Z</when>
        <when>2026-06-18T01:19:03Z</when>
        <when>2026-06-18T01:19:04Z</when>
        <when>2026-06-18T01:19:05Z</when>
        <when>2026-06-18T01:19:06Z</when>
        <when>2026-06-18T01:19:08Z</when>
        <when>2026-06-18T01:19:09Z</when>
        <when>2026-06-18T01:19:10Z</when>
        <when>2026-06-18T01:19:11Z</when>
        <when>2026-06-18T01:19:13Z</when>
        <when>2026-06-18T01:19:14Z</when>
        <when>2026-06-18T01:19:15Z</when>
        <when>2026-06-18T01:19:16Z</when>
        <when>2026-06-18T01:19:18Z</when>
        <when>2026-06-18T01:19:19Z</when>
        <when>2026-06-18T01:19:20Z</when>
        <when>2026-06-18T01:19:22Z</when>
        <when>2026-06-18T01:19:23Z</when>
        <when>2026-06-18T01:19:24Z</when>
        <when>2026-06-18T01:19:25Z</when>
        <when>2026-06-18T01:19:27Z</when>
        <when>2026-06-18T01:19:28Z</when>
        <when>2026-06-18T01:19:29Z</when>
        <when>2026-06-18T01:19:30Z</when>
        <when>2026-06-18T01:19:32Z</when>
        <when>2026-06-18T01:19:33Z</when>
        <when>2026-06-18T01:19:34Z</when>
        <when>2026-06-18T01:19:36Z</when>
        <when>2026-06-18T01:19:37Z</when>
        <when>2026-06-18T01:19:38Z</when>
        <when>2026-06-18T01:19:39Z</when>
        <when>2026-06-18T01:19:41Z</when>
        <when>2026-06-18T01:19:42Z</when>
        <when>2026-06-18T01:19:43Z</when>
        <when>2026-06-18T01:19:44Z</when>
        <when>2026-06-18T01:19:46Z</when>
        <when>2026-06-18T01:19:47Z</when>
        <when>2026-06-18T01:19:48Z</when>
        <when>2026-06-18T01:19:49Z</when>
        <when>2026-06-18T01:19:51Z</when>
        <when>2026-06-18T01:19:52Z</when>
        <when>2026-06-18T01:19:53Z</when>
        <when>2026-06-18T01:19:55Z</when>
        <when>2026-06-18T01:19:55Z</when>
        <when>2026-06-18T01:19:56Z</when>
        <when>2026-06-18T01:19:57Z</when>
        <when>2026-06-18T01:19:57Z</when>
        <when>2026-06-18T01:19:58Z</when>
        <when>2026-06-18T01:19:59Z</when>
        <when>2026-06-18T01:19:59Z</when>
        <when>2026-06-18T01:20:00Z</when>
        <when>2026-06-18T01:20:00Z</when>
        <when>2026-06-18T01:20:01Z</when>
        <when>2026-06-18T01:20:02Z</when>
        <when>2026-06-18T01:20:02Z</when>
        <when>2026-06-18T01:20:03Z</when>
        <when>2026-06-18T01:20:04Z</when>
        <when>2026-06-18T01:20:04Z</when>
        <when>2026-06-18T01:20:05Z</when>
        <when>2026-06-18T01:20:06Z</when>
        <when>2026-06-18T01:20:06Z</when>
        <when>2026-06-18T01:20:08Z</when>
        <when>2026-06-18T01:20:09Z</when>
        <when>2026-06-18T01:20:10Z</when>
        <when>2026-06-18T01:20:12Z</when>
        <when>2026-06-18T01:20:13Z</when>
        <when>2026-06-18T01:20:14Z</when>
        <when>2026-06-18T01:20:15Z</when>
        <when>2026-06-18T01:20:17Z</when>
        <when>2026-06-18T01:20:18Z</when>
        <when>2026-06-18T01:20:19Z</when>
        <when>2026-06-18T01:20:20Z</when>
        <when>2026-06-18T01:20:22Z</when>
        <when>2026-06-18T01:20:23Z</when>
        <when>2026-06-18T01:20:24Z</when>
        <when>2026-06-18T01:20:25Z</when>
        <when>2026-06-18T01:20:27Z</when>
        <when>2026-06-18T01:20:28Z</when>
        <when>2026-06-18T01:20:29Z</when>
        <when>2026-06-18T01:20:31Z</when>
        <when>2026-06-18T01:20:32Z</when>
        <when>2026-06-18T01:20:33Z</when>
        <when>2026-06-18T01:20:34Z</when>
        <when>2026-06-18T01:20:36Z</when>
        <when>2026-06-18T01:20:37Z</when>
        <when>2026-06-18T01:20:38Z</when>
        <when>2026-06-18T01:20:39Z</when>
        <when>2026-06-18T01:20:41Z</when>
        <when>2026-06-18T01:20:42Z</when>
        <when>2026-06-18T01:20:43Z</when>
        <when>2026-06-18T01:20:45Z</when>
        <when>2026-06-18T01:20:46Z</when>
        <when>2026-06-18T01:20:47Z</when>
        <when>2026-06-18T01:20:48Z</when>
        <when>2026-06-18T01:20:50Z</when>
        <when>2026-06-18T01:20:51Z</when>
        <when>2026-06-18T01:20:52Z</when>
        <when>2026-06-18T01:20:53Z</when>
        <when>2026-06-18T01:20:55Z</when>
        <when>2026-06-18T01:20:56Z</when>
        <when>2026-06-18T01:20:57Z</when>
        <when>2026-06-18T01:20:58Z</when>
        <when>2026-06-18T01:21:00Z</when>
        <when>2026-06-18T01:21:01Z</when>
        <when>2026-06-18T01:21:02Z</when>
        <when>2026-06-18T01:21:04Z</when>
        <when>2026-06-18T01:21:05Z</when>
        <when>2026-06-18T01:21:06Z</when>
        <when>2026-06-18T01:21:07Z</when>
        <when>2026-06-18T01:21:09Z</when>
        <when>2026-06-18T01:21:10Z</when>
        <when>2026-06-18T01:21:11Z</when>
        <when>2026-06-18T01:21:12Z</when>
        <when>2026-06-18T01:21:14Z</when>
        <when>2026-06-18T01:21:15Z</when>
        <when>2026-06-18T01:21:16Z</when>
        <when>2026-06-18T01:21:17Z</when>
        <when>2026-06-18T01:21:19Z</when>
        <when>2026-06-18T01:21:20Z</when>
        <when>2026-06-18T01:21:21Z</when>
        <when>2026-06-18T01:21:23Z</when>
        <when>2026-06-18T01:21:24Z</when>
        <when>2026-06-18T01:21:25Z</when>
        <when>2026-06-18T01:21:26Z</when>
        <when>2026-06-18T01:21:28Z</when>
        <when>2026-06-18T01:21:29Z</when>
        <when>2026-06-18T01:21:30Z</when>
        <when>2026-06-18T01:21:31Z</when>
        <when>2026-06-18T01:21:33Z</when>
        <when>2026-06-18T01:21:34Z</when>
        <when>2026-06-18T01:21:35Z</when>
        <when>2026-06-18T01:21:36Z</when>
        <when>2026-06-18T01:21:38Z</when>
        <when>2026-06-18T01:21:39Z</when>
        <when>2026-06-18T01:21:40Z</when>
        <when>2026-06-18T01:21:42Z</when>
        <when>2026-06-18T01:21:43Z</when>
        <when>2026-06-18T01:21:44Z</when>
        <when>2026-06-18T01:21:45Z</when>
        <when>2026-06-18T01:21:47Z</when>
        <when>2026-06-18T01:21:48Z</when>
        <when>2026-06-18T01:21:49Z</when>
        <when>2026-06-18T01:21:50Z</when>
        <when>2026-06-18T01:21:52Z</when>
        <when>2026-06-18T01:21:53Z</when>
        <when>2026-06-18T01:21:54Z</when>
        <when>2026-06-18T01:21:56Z</when>
        <when>2026-06-18T01:21:56Z</when>
        <when>2026-06-18T01:21:57Z</when>
        <when>2026-06-18T01:21:58Z</when>
        <when>2026-06-18T01:21:58Z</when>
        <when>2026-06-18T01:21:59Z</when>
        <when>2026-06-18T01:22:00Z</when>
        <when>2026-06-18T01:22:00Z</when>
        <when>2026-06-18T01:22:01Z</when>
        <when>2026-06-18T01:22:01Z</when>
        <when>2026-06-18T01:22:02Z</when>
        <when>2026-06-18T01:22:03Z</when>
        <when>2026-06-18T01:22:03Z</when>
        <when>2026-06-18T01:22:04Z</when>
        <when>2026-06-18T01:22:05Z</when>
        <when>2026-06-18T01:22:05Z</when>
        <when>2026-06-18T01:22:06Z</when>
        <when>2026-06-18T01:22:07Z</when>
        <when>2026-06-18T01:22:07Z</when>
        <when>2026-06-18T01:22:09Z</when>
        <when>2026-06-18T01:22:10Z</when>
        <when>2026-06-18T01:22:11Z</when>
        <when>2026-06-18T01:22:13Z</when>
        <when>2026-06-18T01:22:14Z</when>
        <when>2026-06-18T01:22:15Z</when>
        <when>2026-06-18T01:22:16Z</when>
        <when>2026-06-18T01:22:18Z</when>
        <when>2026-06-18T01:22:19Z</when>
        <when>2026-06-18T01:22:20Z</when>
        <when>2026-06-18T01:22:21Z</when>
        <when>2026-06-18T01:22:23Z</when>
        <when>2026-06-18T01:22:24Z</when>
        <when>2026-06-18T01:22:25Z</when>
        <when>2026-06-18T01:22:26Z</when>
        <when>2026-06-18T01:22:28Z</when>
        <when>2026-06-18T01:22:29Z</when>
        <when>2026-06-18T01:22:30Z</when>
        <when>2026-06-18T01:22:32Z</when>
        <when>2026-06-18T01:22:33Z</when>
        <when>2026-06-18T01:22:34Z</when>
        <when>2026-06-18T01:22:35Z</when>
        <when>2026-06-18T01:22:37Z</when>
        <when>2026-06-18T01:22:38Z</when>
        <when>2026-06-18T01:22:39Z</when>
        <when>2026-06-18T01:22:40Z</when>
        <when>2026-06-18T01:22:42Z</when>
        <when>2026-06-18T01:22:43Z</when>
        <when>2026-06-18T01:22:44Z</when>
        <when>2026-06-18T01:22:46Z</when>
        <when>2026-06-18T01:22:47Z</when>
        <when>2026-06-18T01:22:48Z</when>
        <when>2026-06-18T01:22:49Z</when>
        <when>2026-06-18T01:22:51Z</when>
        <when>2026-06-18T01:22:52Z</when>
        <when>2026-06-18T01:22:53Z</when>
        <when>2026-06-18T01:22:54Z</when>
        <when>2026-06-18T01:22:56Z</when>
        <when>2026-06-18T01:22:57Z</when>
        <when>2026-06-18T01:22:58Z</when>
        <when>2026-06-18T01:22:59Z</when>
        <when>2026-06-18T01:23:01Z</when>
        <when>2026-06-18T01:23:02Z</when>
        <when>2026-06-18T01:23:03Z</when>
        <when>2026-06-18T01:23:05Z</when>
        <when>2026-06-18T01:23:06Z</when>
        <when>2026-06-18T01:23:07Z</when>
        <when>2026-06-18T01:23:08Z</when>
        <when>2026-06-18T01:23:10Z</when>
        <when>2026-06-18T01:23:11Z</when>
        <when>2026-06-18T01:23:12Z</when>
        <when>2026-06-18T01:23:13Z</when>
        <when>2026-06-18T01:23:15Z</when>
        <when>2026-06-18T01:23:16Z</when>
        <when>2026-06-18T01:23:17Z</when>
        <when>2026-06-18T01:23:18Z</when>
        <when>2026-06-18T01:23:20Z</when>
        <when>2026-06-18T01:23:21Z</when>
        <when>2026-06-18T01:23:22Z</when>
        <when>2026-06-18T01:23:24Z</when>
        <when>2026-06-18T01:23:25Z</when>
        <when>2026-06-18T01:23:26Z</when>
        <when>2026-06-18T01:23:27Z</when>
        <when>2026-06-18T01:23:29Z</when>
        <when>2026-06-18T01:23:30Z</when>
        <when>2026-06-18T01:23:31Z</when>
        <when>2026-06-18T01:23:32Z</when>
        <when>2026-06-18T01:23:34Z</when>
        <when>2026-06-18T01:23:35Z</when>
        <when>2026-06-18T01:23:36Z</when>
        <when>2026-06-18T01:23:37Z</when>
        <when>2026-06-18T01:23:39Z</when>
        <when>2026-06-18T01:23:40Z</when>
        <when>2026-06-18T01:23:41Z</when>
        <when>2026-06-18T01:23:43Z</when>
        <when>2026-06-18T01:23:44Z</when>
        <when>2026-06-18T01:23:45Z</when>
        <when>2026-06-18T01:23:46Z</when>
        <when>2026-06-18T01:23:48Z</when>
        <when>2026-06-18T01:23:49Z</when>
        <when>2026-06-18T01:23:50Z</when>
        <when>2026-06-18T01:23:51Z</when>
        <when>2026-06-18T01:23:53Z</when>
        <when>2026-06-18T01:23:54Z</when>
        <when>2026-06-18T01:23:55Z</when>
        <when>2026-06-18T01:23:57Z</when>
        <when>2026-06-18T01:23:57Z</when>
        <when>2026-06-18T01:23:58Z</when>
        <when>2026-06-18T01:23:59Z</when>
        <when>2026-06-18T01:23:59Z</when>
        <when>2026-06-18T01:24:00Z</when>
        <when>2026-06-18T01:24:00Z</when>
        <when>2026-06-18T01:24:01Z</when>
        <when>2026-06-18T01:24:02Z</when>
        <when>2026-06-18T01:24:02Z</when>
        <when>2026-06-18T01:24:03Z</when>
        <when>2026-06-18T01:24:04Z</when>
        <when>2026-06-18T01:24:04Z</when>
        <when>2026-06-18T01:24:05Z</when>
        <when>2026-06-18T01:24:06Z</when>
        <when>2026-06-18T01:24:06Z</when>
        <when>2026-06-18T01:24:07Z</when>
        <when>2026-06-18T01:24:08Z</when>
        <when>2026-06-18T01:24:08Z</when>
        <when>2026-06-18T01:24:10Z</when>
        <when>2026-06-18T01:24:11Z</when>
        <when>2026-06-18T01:24:12Z</when>
        <when>2026-06-18T01:24:14Z</when>
        <when>2026-06-18T01:24:15Z</when>
        <when>2026-06-18T01:24:16Z</when>
        <when>2026-06-18T01:24:17Z</when>
        <when>2026-06-18T01:24:19Z</when>
        <when>2026-06-18T01:24:20Z</when>
        <when>2026-06-18T01:24:21Z</when>
        <when>2026-06-18T01:24:22Z</when>
        <when>2026-06-18T01:24:24Z</when>
        <when>2026-06-18T01:24:25Z</when>
        <when>2026-06-18T01:24:26Z</when>
        <when>2026-06-18T01:24:27Z</when>
        <when>2026-06-18T01:24:29Z</when>
        <when>2026-06-18T01:24:30Z</when>
        <when>2026-06-18T01:24:31Z</when>
        <when>2026-06-18T01:24:33Z</when>
        <when>2026-06-18T01:24:34Z</when>
        <when>2026-06-18T01:24:35Z</when>
        <when>2026-06-18T01:24:36Z</when>
        <when>2026-06-18T01:24:38Z</when>
        <when>2026-06-18T01:24:39Z</when>
        <when>2026-06-18T01:24:40Z</when>
        <when>2026-06-18T01:24:41Z</when>
        <when>2026-06-18T01:24:43Z</when>
        <when>2026-06-18T01:24:44Z</when>
        <when>2026-06-18T01:24:45Z</when>
        <when>2026-06-18T01:24:47Z</when>
        <when>2026-06-18T01:24:48Z</when>
        <when>2026-06-18T01:24:49Z</when>
        <when>2026-06-18T01:24:50Z</when>
        <when>2026-06-18T01:24:52Z</when>
        <when>2026-06-18T01:24:53Z</when>
        <when>2026-06-18T01:24:54Z</when>
        <when>2026-06-18T01:24:55Z</when>
        <when>2026-06-18T01:24:57Z</when>
        <when>2026-06-18T01:24:58Z</when>
        <when>2026-06-18T01:24:59Z</when>
        <when>2026-06-18T01:25:00Z</when>
        <when>2026-06-18T01:25:02Z</when>
        <when>2026-06-18T01:25:03Z</when>
        <when>2026-06-18T01:25:04Z</when>
        <when>2026-06-18T01:25:06Z</when>
        <when>2026-06-18T01:25:07Z</when>
        <when>2026-06-18T01:25:08Z</when>
        <when>2026-06-18T01:25:09Z</when>
        <when>2026-06-18T01:25:11Z</when>
        <when>2026-06-18T01:25:12Z</when>
        <when>2026-06-18T01:25:13Z</when>
        <when>2026-06-18T01:25:14Z</when>
        <when>2026-06-18T01:25:16Z</when>
        <when>2026-06-18T01:25:17Z</when>
        <when>2026-06-18T01:25:18Z</when>
        <when>2026-06-18T01:25:19Z</when>
        <when>2026-06-18T01:25:21Z</when>
        <when>2026-06-18T01:25:22Z</when>
        <when>2026-06-18T01:25:23Z</when>
        <when>2026-06-18T01:25:25Z</when>
        <when>2026-06-18T01:25:26Z</when>
        <when>2026-06-18T01:25:27Z</when>
        <when>2026-06-18T01:25:28Z</when>
        <when>2026-06-18T01:25:30Z</when>
        <when>2026-06-18T01:25:31Z</when>
        <when>2026-06-18T01:25:32Z</when>
        <when>2026-06-18T01:25:33Z</when>
        <when>2026-06-18T01:25:35Z</when>
        <when>2026-06-18T01:25:36Z</when>
        <when>2026-06-18T01:25:37Z</when>
        <when>2026-06-18T01:25:38Z</when>
        <when>2026-06-18T01:25:40Z</when>
        <when>2026-06-18T01:25:41Z</when>
        <when>2026-06-18T01:25:42Z</when>
        <when>2026-06-18T01:25:44Z</when>
        <when>2026-06-18T01:25:45Z</when>
        <when>2026-06-18T01:25:46Z</when>
        <when>2026-06-18T01:25:47Z</when>
        <when>2026-06-18T01:25:49Z</when>
        <when>2026-06-18T01:25:50Z</when>
        <when>2026-06-18T01:25:51Z</when>
        <when>2026-06-18T01:25:52Z</when>
        <when>2026-06-18T01:25:54Z</when>
        <when>2026-06-18T01:25:55Z</when>
        <when>2026-06-18T01:25:56Z</when>
        <when>2026-06-18T01:25:58Z</when>
        <when>2026-06-18T01:25:58Z</when>
        <when>2026-06-18T01:25:59Z</when>
        <when>2026-06-18T01:26:00Z</when>
        <when>2026-06-18T01:26:00Z</when>
        <when>2026-06-18T01:26:01Z</when>
        <when>2026-06-18T01:26:01Z</when>
        <when>2026-06-18T01:26:02Z</when>
        <when>2026-06-18T01:26:03Z</when>
        <when>2026-06-18T01:26:03Z</when>
        <when>2026-06-18T01:26:04Z</when>
        <when>2026-06-18T01:26:05Z</when>
        <when>2026-06-18T01:26:05Z</when>
        <when>2026-06-18T01:26:06Z</when>
        <when>2026-06-18T01:26:07Z</when>
        <when>2026-06-18T01:26:07Z</when>
        <when>2026-06-18T01:26:08Z</when>
        <when>2026-06-18T01:26:09Z</when>
        <when>2026-06-18T01:26:09Z</when>
        <when>2026-06-18T01:26:11Z</when>
        <when>2026-06-18T01:26:12Z</when>
        <when>2026-06-18T01:26:13Z</when>
        <when>2026-06-18T01:26:15Z</when>
        <when>2026-06-18T01:26:16Z</when>
        <when>2026-06-18T01:26:17Z</when>
        <when>2026-06-18T01:26:18Z</when>
        <when>2026-06-18T01:26:20Z</when>
        <when>2026-06-18T01:26:21Z</when>
        <when>2026-06-18T01:26:22Z</when>
        <when>2026-06-18T01:26:23Z</when>
        <when>2026-06-18T01:26:25Z</when>
        <when>2026-06-18T01:26:26Z</when>
        <when>2026-06-18T01:26:27Z</when>
        <when>2026-06-18T01:26:28Z</when>
        <when>2026-06-18T01:26:30Z</when>
        <when>2026-06-18T01:26:31Z</when>
        <when>2026-06-18T01:26:32Z</when>
        <when>2026-06-18T01:26:34Z</when>
        <when>2026-06-18T01:26:35Z</when>
        <when>2026-06-18T01:26:36Z</when>
        <when>2026-06-18T01:26:37Z</when>
        <when>2026-06-18T01:26:39Z</when>
        <when>2026-06-18T01:26:40Z</when>
        <when>2026-06-18T01:26:41Z</when>
        <when>2026-06-18T01:26:42Z</when>
        <when>2026-06-18T01:26:44Z</when>
        <when>2026-06-18T01:26:45Z</when>
        <when>2026-06-18T01:26:46Z</when>
        <when>2026-06-18T01:26:47Z</when>
        <when>2026-06-18T01:26:49Z</when>
        <when>2026-06-18T01:26:50Z</when>
        <when>2026-06-18T01:26:51Z</when>
        <when>2026-06-18T01:26:53Z</when>
        <when>2026-06-18T01:26:54Z</when>
        <when>2026-06-18T01:26:55Z</when>
        <when>2026-06-18T01:26:56Z</when>
        <when>2026-06-18T01:26:58Z</when>
        <when>2026-06-18T01:26:59Z</when>
        <when>2026-06-18T01:27:00Z</when>
        <when>2026-06-18T01:27:01Z</when>
        <when>2026-06-18T01:27:03Z</when>
        <when>2026-06-18T01:27:04Z</when>
        <when>2026-06-18T01:27:05Z</when>
        <when>2026-06-18T01:27:07Z</when>
        <when>2026-06-18T01:27:08Z</when>
        <when>2026-06-18T01:27:09Z</when>
        <when>2026-06-18T01:27:10Z</when>
        <when>2026-06-18T01:27:12Z</when>
        <when>2026-06-18T01:27:13Z</when>
        <when>2026-06-18T01:27:14Z</when>
        <when>2026-06-18T01:27:15Z</when>
        <when>2026-06-18T01:27:17Z</when>
        <when>2026-06-18T01:27:18Z</when>
        <when>2026-06-18T01:27:19Z</when>
        <when>2026-06-18T01:27:20Z</when>
        <when>2026-06-18T01:27:22Z</when>
        <when>2026-06-18T01:27:23Z</when>
        <when>2026-06-18T01:27:24Z</when>
        <when>2026-06-18T01:27:26Z</when>
        <when>2026-06-18T01:27:27Z</when>
        <when>2026-06-18T01:27:28Z</when>
        <when>2026-06-18T01:27:29Z</when>
        <when>2026-06-18T01:27:31Z</when>
        <when>2026-06-18T01:27:32Z</when>
        <when>2026-06-18T01:27:33Z</when>
        <when>2026-06-18T01:27:34Z</when>
        <when>2026-06-18T01:27:36Z</when>
        <when>2026-06-18T01:27:37Z</when>
        <when>2026-06-18T01:27:38Z</when>
        <when>2026-06-18T01:27:39Z</when>
        <when>2026-06-18T01:27:41Z</when>
        <when>2026-06-18T01:27:42Z</when>
        <when>2026-06-18T01:27:43Z</when>
        <when>2026-06-18T01:27:45Z</when>
        <when>2026-06-18T01:27:46Z</when>
        <when>2026-06-18T01:27:47Z</when>
        <when>2026-06-18T01:27:48Z</when>
        <when>2026-06-18T01:27:50Z</when>
        <when>2026-06-18T01:27:51Z</when>
        <when>2026-06-18T01:27:52Z</when>
        <when>2026-06-18T01:27:53Z</when>
        <when>2026-06-18T01:27:55Z</when>
        <when>2026-06-18T01:27:56Z</when>
        <when>2026-06-18T01:27:57Z</when>
        <when>2026-06-18T01:27:59Z</when>
        <when>2026-06-18T01:27:59Z</when>
        <when>2026-06-18T01:28:00Z</when>
        <when>2026-06-18T01:28:00Z</when>
        <when>2026-06-18T01:28:01Z</when>
        <when>2026-06-18T01:28:02Z</when>
        <when>2026-06-18T01:28:02Z</when>
        <when>2026-06-18T01:28:03Z</when>
        <when>2026-06-18T01:28:04Z</when>
        <when>2026-06-18T01:28:04Z</when>
        <when>2026-06-18T01:28:05Z</when>
        <when>2026-06-18T01:28:06Z</when>
        <when>2026-06-18T01:28:06Z</when>
        <when>2026-06-18T01:28:07Z</when>
        <when>2026-06-18T01:28:08Z</when>
        <when>2026-06-18T01:28:08Z</when>
        <when>2026-06-18T01:28:09Z</when>
        <when>2026-06-18T01:28:10Z</when>
        <when>2026-06-18T01:28:10Z</when>
        <when>2026-06-18T01:28:12Z</when>
        <when>2026-06-18T01:28:13Z</when>
        <when>2026-06-18T01:28:14Z</when>
        <when>2026-06-18T01:28:16Z</when>
        <when>2026-06-18T01:28:17Z</when>
        <when>2026-06-18T01:28:18Z</when>
        <when>2026-06-18T01:28:19Z</when>
        <when>2026-06-18T01:28:21Z</when>
        <when>2026-06-18T01:28:22Z</when>
        <when>2026-06-18T01:28:23Z</when>
        <when>2026-06-18T01:28:24Z</when>
        <when>2026-06-18T01:28:26Z</when>
        <when>2026-06-18T01:28:27Z</when>
        <when>2026-06-18T01:28:28Z</when>
        <when>2026-06-18T01:28:29Z</when>
        <when>2026-06-18T01:28:31Z</when>
        <when>2026-06-18T01:28:32Z</when>
        <when>2026-06-18T01:28:33Z</when>
        <when>2026-06-18T01:28:35Z</when>
        <when>2026-06-18T01:28:36Z</when>
        <when>2026-06-18T01:28:37Z</when>
        <when>2026-06-18T01:28:38Z</when>
        <when>2026-06-18T01:28:40Z</when>
        <when>2026-06-18T01:28:41Z</when>
        <when>2026-06-18T01:28:42Z</when>
        <when>2026-06-18T01:28:43Z</when>
        <when>2026-06-18T01:28:45Z</when>
        <when>2026-06-18T01:28:46Z</when>
        <when>2026-06-18T01:28:47Z</when>
        <when>2026-06-18T01:28:48Z</when>
        <when>2026-06-18T01:28:50Z</when>
        <when>2026-06-18T01:28:51Z</when>
        <when>2026-06-18T01:28:52Z</when>
        <when>2026-06-18T01:28:54Z</when>
        <when>2026-06-18T01:28:55Z</when>
        <when>2026-06-18T01:28:56Z</when>
        <when>2026-06-18T01:28:57Z</when>
        <when>2026-06-18T01:28:59Z</when>
        <when>2026-06-18T01:29:00Z</when>
        <when>2026-06-18T01:29:01Z</when>
        <when>2026-06-18T01:29:02Z</when>
        <when>2026-06-18T01:29:04Z</when>
        <when>2026-06-18T01:29:05Z</when>
        <when>2026-06-18T01:29:06Z</when>
        <when>2026-06-18T01:29:08Z</when>
        <when>2026-06-18T01:29:09Z</when>
        <when>2026-06-18T01:29:10Z</when>
        <when>2026-06-18T01:29:11Z</when>
        <when>2026-06-18T01:29:13Z</when>
        <when>2026-06-18T01:29:14Z</when>
        <when>2026-06-18T01:29:15Z</when>
        <when>2026-06-18T01:29:16Z</when>
        <when>2026-06-18T01:29:18Z</when>
        <when>2026-06-18T01:29:19Z</when>
        <when>2026-06-18T01:29:20Z</when>
        <when>2026-06-18T01:29:21Z</when>
        <when>2026-06-18T01:29:23Z</when>
        <when>2026-06-18T01:29:24Z</when>
        <when>2026-06-18T01:29:25Z</when>
        <when>2026-06-18T01:29:27Z</when>
        <when>2026-06-18T01:29:28Z</when>
        <when>2026-06-18T01:29:29Z</when>
        <when>2026-06-18T01:29:30Z</when>
        <when>2026-06-18T01:29:32Z</when>
        <when>2026-06-18T01:29:33Z</when>
        <when>2026-06-18T01:29:34Z</when>
        <when>2026-06-18T01:29:35Z</when>
        <when>2026-06-18T01:29:37Z</when>
        <when>2026-06-18T01:29:38Z</when>
        <when>2026-06-18T01:29:39Z</when>
        <when>2026-06-18T01:29:40Z</when>
        <when>2026-06-18T01:29:42Z</when>
        <when>2026-06-18T01:29:43Z</when>
        <when>2026-06-18T01:29:44Z</when>
        <when>2026-06-18T01:29:46Z</when>
        <when>2026-06-18T01:29:47Z</when>
        <when>2026-06-18T01:29:48Z</when>
        <when>2026-06-18T01:29:49Z</when>
        <when>2026-06-18T01:29:51Z</when>
        <when>2026-06-18T01:29:52Z</when>
        <when>2026-06-18T01:29:53Z</when>
        <when>2026-06-18T01:29:54Z</when>
        <when>2026-06-18T01:29:56Z</when>
        <when>2026-06-18T01:29:57Z</when>
        <when>2026-06-18T01:29:58Z</when>
        <when>2026-06-18T01:30:00Z</when>
        <gx:coord>100.5512000 36.1322000 96.00</gx:coord>
        <gx:coord>100.5512667 36.1322000 96.14</gx:coord>
        <gx:coord>100.5513333 36.1322000 96.29</gx:coord>
        <gx:coord>100.5514000 36.1322000 96.43</gx:coord>
        <gx:coord>100.5514667 36.1322000 96.57</gx:coord>
        <gx:coord>100.5515334 36.1322000 96.72</gx:coord>
        <gx:coord>100.5516000 36.1322000 96.86</gx:coord>
        <gx:coord>100.5516667 36.1322000 97.00</gx:coord>
        <gx:coord>100.5517334 36.1322000 97.15</gx:coord>
        <gx:coord>100.5518001 36.1322000 97.29</gx:coord>
        <gx:coord>100.5518667 36.1322000 97.43</gx:coord>
        <gx:coord>100.5519334 36.1322000 97.57</gx:coord>
        <gx:coord>100.5520001 36.1322000 97.71</gx:coord>
        <gx:coord>100.5520668 36.1322000 97.85</gx:coord>
        <gx:coord>100.5521334 36.1322000 97.99</gx:coord>
        <gx:coord>100.5522001 36.1322000 98.13</gx:coord>
        <gx:coord>100.5522668 36.1322000 98.26</gx:coord>
        <gx:coord>100.5523335 36.1322000 98.40</gx:coord>
        <gx:coord>100.5524001 36.1322000 98.53</gx:coord>
        <gx:coord>100.5524668 36.1322000 98.67</gx:coord>
        <gx:coord>100.5525335 36.1322000 98.80</gx:coord>
        <gx:coord>100.5526002 36.1322000 98.93</gx:coord>
        <gx:coord>100.5526668 36.1322000 99.07</gx:coord>
        <gx:coord>100.5527335 36.1322000 99.20</gx:coord>
        <gx:coord>100.5528002 36.1322000 99.32</gx:coord>
        <gx:coord>100.5528669 36.1322000 99.45</gx:coord>
        <gx:coord>100.5529335 36.1322000 99.58</gx:coord>
        <gx:coord>100.5530002 36.1322000 99.70</gx:coord>
        <gx:coord>100.5530669 36.1322000 99.83</gx:coord>
        <gx:coord>100.5531336 36.1322000 99.95</gx:coord>
        <gx:coord>100.5532002 36.1322000 100.07</gx:coord>
        <gx:coord>100.5532669 36.1322000 100.19</gx:coord>
        <gx:coord>100.5533336 36.1322000 100.30</gx:coord>
        <gx:coord>100.5534002 36.1322000 100.42</gx:coord>
        <gx:coord>100.5534669 36.1322000 100.53</gx:coord>
        <gx:coord>100.5535336 36.1322000 100.65</gx:coord>
        <gx:coord>100.5536003 36.1322000 100.76</gx:coord>
        <gx:coord>100.5536669 36.1322000 100.86</gx:coord>
        <gx:coord>100.5537336 36.1322000 100.97</gx:coord>
        <gx:coord>100.5538003 36.1322000 101.08</gx:coord>
        <gx:coord>100.5538670 36.1322000 101.18</gx:coord>
        <gx:coord>100.5539336 36.1322000 101.28</gx:coord>
        <gx:coord>100.5540003 36.1322000 101.38</gx:coord>
        <gx:coord>100.5540670 36.1322000 101.48</gx:coord>
        <gx:coord>100.5541337 36.1322000 101.57</gx:coord>
        <gx:coord>100.5542003 36.1322000 101.67</gx:coord>
        <gx:coord>100.5542670 36.1322000 101.76</gx:coord>
        <gx:coord>100.5543337 36.1322000 101.85</gx:coord>
        <gx:coord>100.5544004 36.1322000 101.93</gx:coord>
        <gx:coord>100.5544670 36.1322000 102.02</gx:coord>
        <gx:coord>100.5545337 36.1322000 102.10</gx:coord>
        <gx:coord>100.5546004 36.1322000 102.18</gx:coord>
        <gx:coord>100.5546671 36.1322000 102.26</gx:coord>
        <gx:coord>100.5547337 36.1322000 102.34</gx:coord>
        <gx:coord>100.5548004 36.1322000 102.41</gx:coord>
        <gx:coord>100.5548671 36.1322000 102.49</gx:coord>
        <gx:coord>100.5549338 36.1322000 102.56</gx:coord>
        <gx:coord>100.5550004 36.1322000 102.62</gx:coord>
        <gx:coord>100.5550671 36.1322000 102.69</gx:coord>
        <gx:coord>100.5551338 36.1322000 102.75</gx:coord>
        <gx:coord>100.5552004 36.1322000 102.81</gx:coord>
        <gx:coord>100.5552671 36.1322000 102.87</gx:coord>
        <gx:coord>100.5553338 36.1322000 102.93</gx:coord>
        <gx:coord>100.5554005 36.1322000 102.98</gx:coord>
        <gx:coord>100.5554671 36.1322000 103.03</gx:coord>
        <gx:coord>100.5555338 36.1322000 103.08</gx:coord>
        <gx:coord>100.5556005 36.1322000 103.13</gx:coord>
        <gx:coord>100.5556672 36.1322000 103.18</gx:coord>
        <gx:coord>100.5557338 36.1322000 103.22</gx:coord>
        <gx:coord>100.5558005 36.1322000 103.26</gx:coord>
        <gx:coord>100.5558672 36.1322000 103.30</gx:coord>
        <gx:coord>100.5559339 36.1322000 103.34</gx:coord>
        <gx:coord>100.5560005 36.1322000 103.37</gx:coord>
        <gx:coord>100.5560672 36.1322000 103.40</gx:coord>
        <gx:coord>100.5561339 36.1322000 103.43</gx:coord>
        <gx:coord>100.5562006 36.1322000 103.46</gx:coord>
        <gx:coord>100.5562672 36.1322000 103.49</gx:coord>
        <gx:coord>100.5563339 36.1322000 103.51</gx:coord>
        <gx:coord>100.5564006 36.1322000 103.53</gx:coord>
        <gx:coord>100.5564673 36.1322000 103.55</gx:coord>
        <gx:coord>100.5565339 36.1322000 103.57</gx:coord>
        <gx:coord>100.5566006 36.1322000 103.58</gx:coord>
        <gx:coord>100.5566673 36.1322000 103.60</gx:coord>
        <gx:coord>100.5567340 36.1322000 103.61</gx:coord>
        <gx:coord>100.5568006 36.1322000 103.62</gx:coord>
        <gx:coord>100.5568673 36.1322000 103.62</gx:coord>
        <gx:coord>100.5569340 36.1322000 103.63</gx:coord>
        <gx:coord>100.5569687 36.1322025 103.63</gx:coord>
        <gx:coord>100.5570025 36.1322098 103.63</gx:coord>
        <gx:coord>100.5570341 36.1322217 103.63</gx:coord>
        <gx:coord>100.5570627 36.1322378 103.63</gx:coord>
        <gx:coord>100.5570873 36.1322578 103.63</gx:coord>
        <gx:coord>100.5571074 36.1322808 103.63</gx:coord>
        <gx:coord>100.5571221 36.1323064 103.63</gx:coord>
        <gx:coord>100.5571311 36.1323336 103.63</gx:coord>
        <gx:coord>100.5571342 36.1323617 103.63</gx:coord>
        <gx:coord>100.5571311 36.1323898 103.62</gx:coord>
        <gx:coord>100.5571221 36.1324170 103.62</gx:coord>
        <gx:coord>100.5571074 36.1324425 103.62</gx:coord>
        <gx:coord>100.5570873 36.1324656 103.61</gx:coord>
        <gx:coord>100.5570627 36.1324856 103.61</gx:coord>
        <gx:coord>100.5570341 36.1325017 103.60</gx:coord>
        <gx:coord>100.5570025 36.1325136 103.60</gx:coord>
        <gx:coord>100.5569687 36.1325209 103.59</gx:coord>
        <gx:coord>100.5569340 36.1325234 103.59</gx:coord>
        <gx:coord>100.5568673 36.1325234 103.57</gx:coord>
        <gx:coord>100.5568006 36.1325234 103.56</gx:coord>
        <gx:coord>100.5567340 36.1325234 103.54</gx:coord>
        <gx:coord>100.5566673 36.1325234 103.52</gx:coord>
        <gx:coord>100.5566006 36.1325234 103.50</gx:coord>
        <gx:coord>100.5565339 36.1325234 103.48</gx:coord>
        <gx:coord>100.5564673 36.1325234 103.46</gx:coord>
        <gx:coord>100.5564006 36.1325234 103.44</gx:coord>
        <gx:coord>100.5563339 36.1325234 103.41</gx:coord>
        <gx:coord>100.5562672 36.1325234 103.39</gx:coord>
        <gx:coord>100.5562006 36.1325234 103.36</gx:coord>
        <gx:coord>100.5561339 36.1325234 103.33</gx:coord>
        <gx:coord>100.5560672 36.1325234 103.30</gx:coord>
        <gx:coord>100.5560005 36.1325234 103.27</gx:coord>
        <gx:coord>100.5559339 36.1325234 103.24</gx:coord>
        <gx:coord>100.5558672 36.1325234 103.21</gx:coord>
        <gx:coord>100.5558005 36.1325234 103.17</gx:coord>
        <gx:coord>100.5557338 36.1325234 103.14</gx:coord>
        <gx:coord>100.5556672 36.1325234 103.10</gx:coord>
        <gx:coord>100.5556005 36.1325234 103.07</gx:coord>
        <gx:coord>100.5555338 36.1325234 103.03</gx:coord>
        <gx:coord>100.5554671 36.1325234 102.99</gx:coord>
        <gx:coord>100.5554005 36.1325234 102.95</gx:coord>
        <gx:coord>100.5553338 36.1325234 102.91</gx:coord>
        <gx:coord>100.5552671 36.1325234 102.87</gx:coord>
        <gx:coord>100.5552004 36.1325234 102.83</gx:coord>
        <gx:coord>100.5551338 36.1325234 102.79</gx:coord>
        <gx:coord>100.5550671 36.1325234 102.75</gx:coord>
        <gx:coord>100.5550004 36.1325234 102.71</gx:coord>
        <gx:coord>100.5549337 36.1325234 102.67</gx:coord>
        <gx:coord>100.5548671 36.1325234 102.62</gx:coord>
        <gx:coord>100.5548004 36.1325234 102.58</gx:coord>
        <gx:coord>100.5547337 36.1325234 102.54</gx:coord>
        <gx:coord>100.5546670 36.1325234 102.49</gx:coord>
        <gx:coord>100.5546004 36.1325234 102.45</gx:coord>
        <gx:coord>100.5545337 36.1325234 102.41</gx:coord>
        <gx:coord>100.5544670 36.1325234 102.36</gx:coord>
        <gx:coord>100.5544003 36.1325234 102.32</gx:coord>
        <gx:coord>100.5543337 36.1325234 102.27</gx:coord>
        <gx:coord>100.5542670 36.1325234 102.23</gx:coord>
        <gx:coord>100.5542003 36.1325234 102.19</gx:coord>
        <gx:coord>100.5541337 36.1325234 102.14</gx:coord>
        <gx:coord>100.5540670 36.1325234 102.10</gx:coord>
        <gx:coord>100.5540003 36.1325234 102.05</gx:coord>
        <gx:coord>100.5539336 36.1325234 102.01</gx:coord>
        <gx:coord>100.5538670 36.1325234 101.97</gx:coord>
        <gx:coord>100.5538003 36.1325234 101.92</gx:coord>
        <gx:coord>100.5537336 36.1325234 101.88</gx:coord>
        <gx:coord>100.5536669 36.1325234 101.84</gx:coord>
        <gx:coord>100.5536003 36.1325234 101.80</gx:coord>
        <gx:coord>100.5535336 36.1325234 101.76</gx:coord>
        <gx:coord>100.5534669 36.1325234 101.71</gx:coord>
        <gx:coord>100.5534002 36.1325234 101.67</gx:coord>
        <gx:coord>100.5533336 36.1325234 101.63</gx:coord>
        <gx:coord>100.5532669 36.1325234 101.59</gx:coord>
        <gx:coord>100.5532002 36.1325234 101.55</gx:coord>
        <gx:coord>100.5531335 36.1325234 101.51</gx:coord>
        <gx:coord>100.5530669 36.1325234 101.48</gx:coord>
        <gx:coord>100.5530002 36.1325234 101.44</gx:coord>
        <gx:coord>100.5529335 36.1325234 101.40</gx:coord>
        <gx:coord>100.5528668 36.1325234 101.37</gx:coord>
        <gx:coord>100.5528002 36.1325234 101.33</gx:coord>
        <gx:coord>100.5527335 36.1325234 101.29</gx:coord>
        <gx:coord>100.5526668 36.1325234 101.26</gx:coord>
        <gx:coord>100.5526001 36.1325234 101.23</gx:coord>
        <gx:coord>100.5525335 36.1325234 101.19</gx:coord>
        <gx:coord>100.5524668 36.1325234 101.16</gx:coord>
        <gx:coord>100.5524001 36.1325234 101.13</gx:coord>
        <gx:coord>100.5523334 36.1325234 101.10</gx:coord>
        <gx:coord>100.5522668 36.1325234 101.07</gx:coord>
        <gx:coord>100.5522001 36.1325234 101.04</gx:coord>
        <gx:coord>100.5521334 36.1325234 101.01</gx:coord>
        <gx:coord>100.5520667 36.1325234 100.98</gx:coord>
        <gx:coord>100.5520001 36.1325234 100.96</gx:coord>
        <gx:coord>100.5519334 36.1325234 100.93</gx:coord>
        <gx:coord>100.5518667 36.1325234 100.91</gx:coord>
        <gx:coord>100.5518000 36.1325234 100.88</gx:coord>
        <gx:coord>100.5517334 36.1325234 100.86</gx:coord>
        <gx:coord>100.5516667 36.1325234 100.84</gx:coord>
        <gx:coord>100.5516000 36.1325234 100.81</gx:coord>
        <gx:coord>100.5515333 36.1325234 100.79</gx:coord>
        <gx:coord>100.5514667 36.1325234 100.77</gx:coord>
        <gx:coord>100.5514000 36.1325234 100.75</gx:coord>
        <gx:coord>100.5513333 36.1325234 100.73</gx:coord>
        <gx:coord>100.5512667 36.1325234 100.72</gx:coord>
        <gx:coord>100.5512000 36.1325234 100.70</gx:coord>
        <gx:coord>100.5511652 36.1325258 100.69</gx:coord>
        <gx:coord>100.5511315 36.1325331 100.68</gx:coord>
        <gx:coord>100.5510999 36.1325451 100.67</gx:coord>
        <gx:coord>100.5510713 36.1325612 100.67</gx:coord>
        <gx:coord>100.5510466 36.1325812 100.66</gx:coord>
        <gx:coord>100.5510266 36.1326042 100.65</gx:coord>
        <gx:coord>100.5510118 36.1326298 100.64</gx:coord>
        <gx:coord>100.5510028 36.1326570 100.64</gx:coord>
        <gx:coord>100.5509998 36.1326851 100.63</gx:coord>
        <gx:coord>100.5510028 36.1327132 100.62</gx:coord>
        <gx:coord>100.5510118 36.1327404 100.61</gx:coord>
        <gx:coord>100.5510266 36.1327659 100.61</gx:coord>
        <gx:coord>100.5510466 36.1327890 100.60</gx:coord>
        <gx:coord>100.5510713 36.1328090 100.60</gx:coord>
        <gx:coord>100.5510999 36.1328251 100.59</gx:coord>
        <gx:coord>100.5511315 36.1328370 100.58</gx:coord>
        <gx:coord>100.5511652 36.1328443 100.58</gx:coord>
        <gx:coord>100.5512000 36.1328468 100.57</gx:coord>
        <gx:coord>100.5512667 36.1328468 100.56</gx:coord>
        <gx:coord>100.5513333 36.1328468 100.55</gx:coord>
        <gx:coord>100.5514000 36.1328468 100.55</gx:coord>
        <gx:coord>100.5514667 36.1328468 100.54</gx:coord>
        <gx:coord>100.5515333 36.1328468 100.53</gx:coord>
        <gx:coord>100.5516000 36.1328468 100.52</gx:coord>
        <gx:coord>100.5516667 36.1328468 100.52</gx:coord>
        <gx:coord>100.5517334 36.1328468 100.51</gx:coord>
        <gx:coord>100.5518000 36.1328468 100.51</gx:coord>
        <gx:coord>100.5518667 36.1328468 100.50</gx:coord>
        <gx:coord>100.5519334 36.1328468 100.50</gx:coord>
        <gx:coord>100.5520001 36.1328468 100.49</gx:coord>
        <gx:coord>100.5520667 36.1328468 100.49</gx:coord>
        <gx:coord>100.5521334 36.1328468 100.48</gx:coord>
        <gx:coord>100.5522001 36.1328468 100.48</gx:coord>
        <gx:coord>100.5522668 36.1328468 100.48</gx:coord>
        <gx:coord>100.5523334 36.1328468 100.47</gx:coord>
        <gx:coord>100.5524001 36.1328468 100.47</gx:coord>
        <gx:coord>100.5524668 36.1328468 100.47</gx:coord>
        <gx:coord>100.5525335 36.1328468 100.47</gx:coord>
        <gx:coord>100.5526001 36.1328468 100.46</gx:coord>
        <gx:coord>100.5526668 36.1328468 100.46</gx:coord>
        <gx:coord>100.5527335 36.1328468 100.46</gx:coord>
        <gx:coord>100.5528002 36.1328468 100.46</gx:coord>
        <gx:coord>100.5528668 36.1328468 100.45</gx:coord>
        <gx:coord>100.5529335 36.1328468 100.45</gx:coord>
        <gx:coord>100.5530002 36.1328468 100.45</gx:coord>
        <gx:coord>100.5530669 36.1328468 100.45</gx:coord>
        <gx:coord>100.5531335 36.1328468 100.44</gx:coord>
        <gx:coord>100.5532002 36.1328468 100.44</gx:coord>
        <gx:coord>100.5532669 36.1328468 100.43</gx:coord>
        <gx:coord>100.5533336 36.1328468 100.43</gx:coord>
        <gx:coord>100.5534002 36.1328468 100.43</gx:coord>
        <gx:coord>100.5534669 36.1328468 100.42</gx:coord>
        <gx:coord>100.5535336 36.1328468 100.42</gx:coord>
        <gx:coord>100.5536003 36.1328468 100.41</gx:coord>
        <gx:coord>100.5536669 36.1328468 100.40</gx:coord>
        <gx:coord>100.5537336 36.1328468 100.40</gx:coord>
        <gx:coord>100.5538003 36.1328468 100.39</gx:coord>
        <gx:coord>100.5538670 36.1328468 100.38</gx:coord>
        <gx:coord>100.5539336 36.1328468 100.37</gx:coord>
        <gx:coord>100.5540003 36.1328468 100.36</gx:coord>
        <gx:coord>100.5540670 36.1328468 100.35</gx:coord>
        <gx:coord>100.5541337 36.1328468 100.34</gx:coord>
        <gx:coord>100.5542003 36.1328468 100.33</gx:coord>
        <gx:coord>100.5542670 36.1328468 100.32</gx:coord>
        <gx:coord>100.5543337 36.1328468 100.30</gx:coord>
        <gx:coord>100.5544004 36.1328468 100.29</gx:coord>
        <gx:coord>100.5544670 36.1328468 100.27</gx:coord>
        <gx:coord>100.5545337 36.1328468 100.26</gx:coord>
        <gx:coord>100.5546004 36.1328468 100.24</gx:coord>
        <gx:coord>100.5546671 36.1328468 100.22</gx:coord>
        <gx:coord>100.5547337 36.1328468 100.20</gx:coord>
        <gx:coord>100.5548004 36.1328468 100.18</gx:coord>
        <gx:coord>100.5548671 36.1328468 100.16</gx:coord>
        <gx:coord>100.5549338 36.1328468 100.13</gx:coord>
        <gx:coord>100.5550004 36.1328468 100.11</gx:coord>
        <gx:coord>100.5550671 36.1328468 100.08</gx:coord>
        <gx:coord>100.5551338 36.1328468 100.05</gx:coord>
        <gx:coord>100.5552005 36.1328468 100.03</gx:coord>
        <gx:coord>100.5552671 36.1328468 100.00</gx:coord>
        <gx:coord>100.5553338 36.1328468 99.96</gx:coord>
        <gx:coord>100.5554005 36.1328468 99.93</gx:coord>
        <gx:coord>100.5554672 36.1328468 99.90</gx:coord>
        <gx:coord>100.5555338 36.1328468 99.86</gx:coord>
        <gx:coord>100.5556005 36.1328468 99.82</gx:coord>
        <gx:coord>100.5556672 36.1328468 99.79</gx:coord>
        <gx:coord>100.5557339 36.1328468 99.75</gx:coord>
        <gx:coord>100.5558005 36.1328468 99.70</gx:coord>
        <gx:coord>100.5558672 36.1328468 99.66</gx:coord>
        <gx:coord>100.5559339 36.1328468 99.62</gx:coord>
        <gx:coord>100.5560006 36.1328468 99.57</gx:coord>
        <gx:coord>100.5560672 36.1328468 99.52</gx:coord>
        <gx:coord>100.5561339 36.1328468 99.47</gx:coord>
        <gx:coord>100.5562006 36.1328468 99.42</gx:coord>
        <gx:coord>100.5562673 36.1328468 99.37</gx:coord>
        <gx:coord>100.5563339 36.1328468 99.31</gx:coord>
        <gx:coord>100.5564006 36.1328468 99.26</gx:coord>
        <gx:coord>100.5564673 36.1328468 99.20</gx:coord>
        <gx:coord>100.5565340 36.1328468 99.14</gx:coord>
        <gx:coord>100.5566006 36.1328468 99.08</gx:coord>
        <gx:coord>100.5566673 36.1328468 99.01</gx:coord>
        <gx:coord>100.5567340 36.1328468 98.95</gx:coord>
        <gx:coord>100.5568007 36.1328468 98.88</gx:coord>
        <gx:coord>100.5568673 36.1328468 98.81</gx:coord>
        <gx:coord>100.5569340 36.1328468 98.74</gx:coord>
        <gx:coord>100.5569688 36.1328492 98.71</gx:coord>
        <gx:coord>100.5570025 36.1328565 98.67</gx:coord>
        <gx:coord>100.5570341 36.1328684 98.63</gx:coord>
        <gx:coord>100.5570627 36.1328846 98.59</gx:coord>
        <gx:coord>100.5570874 36.1329045 98.55</gx:coord>
        <gx:coord>100.5571074 36.1329276 98.51</gx:coord>
        <gx:coord>100.5571221 36.1329532 98.47</gx:coord>
        <gx:coord>100.5571312 36.1329804 98.43</gx:coord>
        <gx:coord>100.5571342 36.1330085 98.39</gx:coord>
        <gx:coord>100.5571312 36.1330366 98.35</gx:coord>
        <gx:coord>100.5571221 36.1330638 98.31</gx:coord>
        <gx:coord>100.5571074 36.1330893 98.26</gx:coord>
        <gx:coord>100.5570874 36.1331124 98.22</gx:coord>
        <gx:coord>100.5570627 36.1331323 98.18</gx:coord>
        <gx:coord>100.5570341 36.1331485 98.13</gx:coord>
        <gx:coord>100.5570025 36.1331604 98.09</gx:coord>
        <gx:coord>100.5569688 36.1331677 98.05</gx:coord>
        <gx:coord>100.5569340 36.1331702 98.00</gx:coord>
        <gx:coord>100.5568673 36.1331702 97.91</gx:coord>
        <gx:coord>100.5568007 36.1331702 97.82</gx:coord>
        <gx:coord>100.5567340 36.1331702 97.73</gx:coord>
        <gx:coord>100.5566673 36.1331702 97.64</gx:coord>
        <gx:coord>100.5566006 36.1331702 97.54</gx:coord>
        <gx:coord>100.5565340 36.1331702 97.45</gx:coord>
        <gx:coord>100.5564673 36.1331702 97.35</gx:coord>
        <gx:coord>100.5564006 36.1331702 97.25</gx:coord>
        <gx:coord>100.5563339 36.1331702 97.15</gx:coord>
        <gx:coord>100.5562673 36.1331702 97.05</gx:coord>
        <gx:coord>100.5562006 36.1331702 96.95</gx:coord>
        <gx:coord>100.5561339 36.1331702 96.84</gx:coord>
        <gx:coord>100.5560672 36.1331702 96.74</gx:coord>
        <gx:coord>100.5560006 36.1331702 96.63</gx:coord>
        <gx:coord>100.5559339 36.1331702 96.52</gx:coord>
        <gx:coord>100.5558672 36.1331702 96.41</gx:coord>
        <gx:coord>100.5558005 36.1331702 96.30</gx:coord>
        <gx:coord>100.5557339 36.1331702 96.19</gx:coord>
        <gx:coord>100.5556672 36.1331702 96.07</gx:coord>
        <gx:coord>100.5556005 36.1331702 95.96</gx:coord>
        <gx:coord>100.5555338 36.1331702 95.84</gx:coord>
        <gx:coord>100.5554672 36.1331702 95.72</gx:coord>
        <gx:coord>100.5554005 36.1331702 95.60</gx:coord>
        <gx:coord>100.5553338 36.1331702 95.48</gx:coord>
        <gx:coord>100.5552671 36.1331702 95.36</gx:coord>
        <gx:coord>100.5552005 36.1331702 95.24</gx:coord>
        <gx:coord>100.5551338 36.1331702 95.12</gx:coord>
        <gx:coord>100.5550671 36.1331702 95.00</gx:coord>
        <gx:coord>100.5550004 36.1331702 94.87</gx:coord>
        <gx:coord>100.5549338 36.1331702 94.75</gx:coord>
        <gx:coord>100.5548671 36.1331702 94.62</gx:coord>
        <gx:coord>100.5548004 36.1331702 94.50</gx:coord>
        <gx:coord>100.5547337 36.1331702 94.37</gx:coord>
        <gx:coord>100.5546671 36.1331702 94.24</gx:coord>
        <gx:coord>100.5546004 36.1331702 94.11</gx:coord>
        <gx:coord>100.5545337 36.1331702 93.99</gx:coord>
        <gx:coord>100.5544670 36.1331702 93.86</gx:coord>
        <gx:coord>100.5544004 36.1331702 93.73</gx:coord>
        <gx:coord>100.5543337 36.1331702 93.60</gx:coord>
        <gx:coord>100.5542670 36.1331702 93.47</gx:coord>
        <gx:coord>100.5542003 36.1331702 93.34</gx:coord>
        <gx:coord>100.5541337 36.1331702 93.21</gx:coord>
        <gx:coord>100.5540670 36.1331702 93.08</gx:coord>
        <gx:coord>100.5540003 36.1331702 92.95</gx:coord>
        <gx:coord>100.5539336 36.1331702 92.81</gx:coord>
        <gx:coord>100.5538670 36.1331702 92.68</gx:coord>
        <gx:coord>100.5538003 36.1331702 92.55</gx:coord>
        <gx:coord>100.5537336 36.1331702 92.42</gx:coord>
        <gx:coord>100.5536669 36.1331702 92.29</gx:coord>
        <gx:coord>100.5536003 36.1331702 92.16</gx:coord>
        <gx:coord>100.5535336 36.1331702 92.03</gx:coord>
        <gx:coord>100.5534669 36.1331702 91.90</gx:coord>
        <gx:coord>100.5534002 36.1331702 91.77</gx:coord>
        <gx:coord>100.5533336 36.1331702 91.65</gx:coord>
        <gx:coord>100.5532669 36.1331702 91.52</gx:coord>
        <gx:coord>100.5532002 36.1331702 91.39</gx:coord>
        <gx:coord>100.5531335 36.1331702 91.26</gx:coord>
        <gx:coord>100.5530669 36.1331702 91.14</gx:coord>
        <gx:coord>100.5530002 36.1331702 91.01</gx:coord>
        <gx:coord>100.5529335 36.1331702 90.89</gx:coord>
        <gx:coord>100.5528668 36.1331702 90.76</gx:coord>
        <gx:coord>100.5528002 36.1331702 90.64</gx:coord>
        <gx:coord>100.5527335 36.1331702 90.52</gx:coord>
        <gx:coord>100.5526668 36.1331702 90.40</gx:coord>
        <gx:coord>100.5526001 36.1331702 90.28</gx:coord>
        <gx:coord>100.5525335 36.1331702 90.16</gx:coord>
        <gx:coord>100.5524668 36.1331702 90.04</gx:coord>
        <gx:coord>100.5524001 36.1331702 89.93</gx:coord>
        <gx:coord>100.5523334 36.1331702 89.81</gx:coord>
        <gx:coord>100.5522668 36.1331702 89.70</gx:coord>
        <gx:coord>100.5522001 36.1331702 89.59</gx:coord>
        <gx:coord>100.5521334 36.1331702 89.47</gx:coord>
        <gx:coord>100.5520667 36.1331702 89.36</gx:coord>
        <gx:coord>100.5520001 36.1331702 89.26</gx:coord>
        <gx:coord>100.5519334 36.1331702 89.15</gx:coord>
        <gx:coord>100.5518667 36.1331702 89.05</gx:coord>
        <gx:coord>100.5518000 36.1331702 88.94</gx:coord>
        <gx:coord>100.5517334 36.1331702 88.84</gx:coord>
        <gx:coord>100.5516667 36.1331702 88.74</gx:coord>
        <gx:coord>100.5516000 36.1331702 88.64</gx:coord>
        <gx:coord>100.5515333 36.1331702 88.55</gx:coord>
        <gx:coord>100.5514667 36.1331702 88.45</gx:coord>
        <gx:coord>100.5514000 36.1331702 88.36</gx:coord>
        <gx:coord>100.5513333 36.1331702 88.27</gx:coord>
        <gx:coord>100.5512666 36.1331702 88.18</gx:coord>
        <gx:coord>100.5512000 36.1331702 88.09</gx:coord>
        <gx:coord>100.5511652 36.1331726 88.05</gx:coord>
        <gx:coord>100.5511315 36.1331799 88.01</gx:coord>
        <gx:coord>100.5510998 36.1331918 87.96</gx:coord>
        <gx:coord>100.5510713 36.1332080 87.92</gx:coord>
        <gx:coord>100.5510466 36.1332279 87.88</gx:coord>
        <gx:coord>100.5510266 36.1332510 87.84</gx:coord>
        <gx:coord>100.5510118 36.1332766 87.80</gx:coord>
        <gx:coord>100.5510028 36.1333038 87.76</gx:coord>
        <gx:coord>100.5509997 36.1333319 87.72</gx:coord>
        <gx:coord>100.5510028 36.1333600 87.68</gx:coord>
        <gx:coord>100.5510118 36.1333872 87.64</gx:coord>
        <gx:coord>100.5510266 36.1334127 87.60</gx:coord>
        <gx:coord>100.5510466 36.1334358 87.56</gx:coord>
        <gx:coord>100.5510713 36.1334557 87.53</gx:coord>
        <gx:coord>100.5510998 36.1334719 87.49</gx:coord>
        <gx:coord>100.5511315 36.1334838 87.45</gx:coord>
        <gx:coord>100.5511652 36.1334911 87.42</gx:coord>
        <gx:coord>100.5512000 36.1334936 87.38</gx:coord>
        <gx:coord>100.5512666 36.1334936 87.32</gx:coord>
        <gx:coord>100.5513333 36.1334936 87.26</gx:coord>
        <gx:coord>100.5514000 36.1334936 87.20</gx:coord>
        <gx:coord>100.5514667 36.1334936 87.15</gx:coord>
        <gx:coord>100.5515333 36.1334936 87.09</gx:coord>
        <gx:coord>100.5516000 36.1334936 87.04</gx:coord>
        <gx:coord>100.5516667 36.1334936 86.99</gx:coord>
        <gx:coord>100.5517334 36.1334936 86.94</gx:coord>
        <gx:coord>100.5518000 36.1334936 86.90</gx:coord>
        <gx:coord>100.5518667 36.1334936 86.86</gx:coord>
        <gx:coord>100.5519334 36.1334936 86.82</gx:coord>
        <gx:coord>100.5520001 36.1334936 86.78</gx:coord>
        <gx:coord>100.5520667 36.1334936 86.75</gx:coord>
        <gx:coord>100.5521334 36.1334936 86.72</gx:coord>
        <gx:coord>100.5522001 36.1334936 86.69</gx:coord>
        <gx:coord>100.5522668 36.1334936 86.66</gx:coord>
        <gx:coord>100.5523334 36.1334936 86.64</gx:coord>
        <gx:coord>100.5524001 36.1334936 86.62</gx:coord>
        <gx:coord>100.5524668 36.1334936 86.60</gx:coord>
        <gx:coord>100.5525335 36.1334936 86.58</gx:coord>
        <gx:coord>100.5526001 36.1334936 86.57</gx:coord>
        <gx:coord>100.5526668 36.1334936 86.56</gx:coord>
        <gx:coord>100.5527335 36.1334936 86.55</gx:coord>
        <gx:coord>100.5528002 36.1334936 86.54</gx:coord>
        <gx:coord>100.5528668 36.1334936 86.54</gx:coord>
        <gx:coord>100.5529335 36.1334936 86.54</gx:coord>
        <gx:coord>100.5530002 36.1334936 86.54</gx:coord>
        <gx:coord>100.5530669 36.1334936 86.54</gx:coord>
        <gx:coord>100.5531335 36.1334936 86.55</gx:coord>
        <gx:coord>100.5532002 36.1334936 86.56</gx:coord>
        <gx:coord>100.5532669 36.1334936 86.57</gx:coord>
        <gx:coord>100.5533336 36.1334936 86.59</gx:coord>
        <gx:coord>100.5534002 36.1334936 86.60</gx:coord>
        <gx:coord>100.5534669 36.1334936 86.62</gx:coord>
        <gx:coord>100.5535336 36.1334936 86.64</gx:coord>
        <gx:coord>100.5536003 36.1334936 86.67</gx:coord>
        <gx:coord>100.5536669 36.1334936 86.69</gx:coord>
        <gx:coord>100.5537336 36.1334936 86.72</gx:coord>
        <gx:coord>100.5538003 36.1334936 86.75</gx:coord>
        <gx:coord>100.5538670 36.1334936 86.78</gx:coord>
        <gx:coord>100.5539336 36.1334936 86.82</gx:coord>
        <gx:coord>100.5540003 36.1334936 86.86</gx:coord>
        <gx:coord>100.5540670 36.1334936 86.90</gx:coord>
        <gx:coord>100.5541337 36.1334936 86.94</gx:coord>
        <gx:coord>100.5542003 36.1334936 86.98</gx:coord>
        <gx:coord>100.5542670 36.1334936 87.03</gx:coord>
        <gx:coord>100.5543337 36.1334936 87.07</gx:coord>
        <gx:coord>100.5544004 36.1334936 87.12</gx:coord>
        <gx:coord>100.5544670 36.1334936 87.18</gx:coord>
        <gx:coord>100.5545337 36.1334936 87.23</gx:coord>
        <gx:coord>100.5546004 36.1334936 87.29</gx:coord>
        <gx:coord>100.5546671 36.1334936 87.34</gx:coord>
        <gx:coord>100.5547337 36.1334936 87.40</gx:coord>
        <gx:coord>100.5548004 36.1334936 87.46</gx:coord>
        <gx:coord>100.5548671 36.1334936 87.53</gx:coord>
        <gx:coord>100.5549338 36.1334936 87.59</gx:coord>
        <gx:coord>100.5550004 36.1334936 87.66</gx:coord>
        <gx:coord>100.5550671 36.1334936 87.72</gx:coord>
        <gx:coord>100.5551338 36.1334936 87.79</gx:coord>
        <gx:coord>100.5552005 36.1334936 87.87</gx:coord>
        <gx:coord>100.5552671 36.1334936 87.94</gx:coord>
        <gx:coord>100.5553338 36.1334936 88.01</gx:coord>
        <gx:coord>100.5554005 36.1334936 88.09</gx:coord>
        <gx:coord>100.5554672 36.1334936 88.16</gx:coord>
        <gx:coord>100.5555338 36.1334936 88.24</gx:coord>
        <gx:coord>100.5556005 36.1334936 88.32</gx:coord>
        <gx:coord>100.5556672 36.1334936 88.40</gx:coord>
        <gx:coord>100.5557339 36.1334936 88.48</gx:coord>
        <gx:coord>100.5558005 36.1334936 88.56</gx:coord>
        <gx:coord>100.5558672 36.1334936 88.65</gx:coord>
        <gx:coord>100.5559339 36.1334936 88.73</gx:coord>
        <gx:coord>100.5560006 36.1334936 88.82</gx:coord>
        <gx:coord>100.5560672 36.1334936 88.90</gx:coord>
        <gx:coord>100.5561339 36.1334936 88.99</gx:coord>
        <gx:coord>100.5562006 36.1334936 89.08</gx:coord>
        <gx:coord>100.5562673 36.1334936 89.17</gx:coord>
        <gx:coord>100.5563339 36.1334936 89.26</gx:coord>
        <gx:coord>100.5564006 36.1334936 89.35</gx:coord>
        <gx:coord>100.5564673 36.1334936 89.44</gx:coord>
        <gx:coord>100.5565340 36.1334936 89.53</gx:coord>
        <gx:coord>100.5566006 36.1334936 89.62</gx:coord>
        <gx:coord>100.5566673 36.1334936 89.71</gx:coord>
        <gx:coord>100.5567340 36.1334936 89.81</gx:coord>
        <gx:coord>100.5568007 36.1334936 89.90</gx:coord>
        <gx:coord>100.5568673 36.1334936 89.99</gx:coord>
        <gx:coord>100.5569340 36.1334936 90.09</gx:coord>
        <gx:coord>100.5569688 36.1334960 90.14</gx:coord>
        <gx:coord>100.5570025 36.1335033 90.19</gx:coord>
        <gx:coord>100.5570341 36.1335152 90.24</gx:coord>
        <gx:coord>100.5570627 36.1335314 90.28</gx:coord>
        <gx:coord>100.5570874 36.1335513 90.33</gx:coord>
        <gx:coord>100.5571074 36.1335744 90.38</gx:coord>
        <gx:coord>100.5571222 36.1336000 90.43</gx:coord>
        <gx:coord>100.5571312 36.1336272 90.48</gx:coord>
        <gx:coord>100.5571342 36.1336553 90.53</gx:coord>
        <gx:coord>100.5571312 36.1336833 90.58</gx:coord>
        <gx:coord>100.5571222 36.1337106 90.63</gx:coord>
        <gx:coord>100.5571074 36.1337361 90.68</gx:coord>
        <gx:coord>100.5570874 36.1337592 90.73</gx:coord>
        <gx:coord>100.5570627 36.1337791 90.78</gx:coord>
        <gx:coord>100.5570341 36.1337953 90.83</gx:coord>
        <gx:coord>100.5570025 36.1338072 90.88</gx:coord>
        <gx:coord>100.5569688 36.1338145 90.92</gx:coord>
        <gx:coord>100.5569340 36.1338170 90.97</gx:coord>
        <gx:coord>100.5568673 36.1338170 91.07</gx:coord>
        <gx:coord>100.5568007 36.1338170 91.16</gx:coord>
        <gx:coord>100.5567340 36.1338170 91.25</gx:coord>
        <gx:coord>100.5566673 36.1338170 91.35</gx:coord>
        <gx:coord>100.5566006 36.1338170 91.44</gx:coord>
        <gx:coord>100.5565340 36.1338170 91.53</gx:coord>
        <gx:coord>100.5564673 36.1338170 91.62</gx:coord>
        <gx:coord>100.5564006 36.1338170 91.71</gx:coord>
        <gx:coord>100.5563339 36.1338170 91.80</gx:coord>
        <gx:coord>100.5562673 36.1338170 91.89</gx:coord>
        <gx:coord>100.5562006 36.1338170 91.98</gx:coord>
        <gx:coord>100.5561339 36.1338170 92.07</gx:coord>
        <gx:coord>100.5560672 36.1338170 92.16</gx:coord>
        <gx:coord>100.5560006 36.1338170 92.25</gx:coord>
        <gx:coord>100.5559339 36.1338170 92.33</gx:coord>
        <gx:coord>100.5558672 36.1338170 92.42</gx:coord>
        <gx:coord>100.5558005 36.1338170 92.50</gx:coord>
        <gx:coord>100.5557339 36.1338170 92.59</gx:coord>
        <gx:coord>100.5556672 36.1338170 92.67</gx:coord>
        <gx:coord>100.5556005 36.1338170 92.75</gx:coord>
        <gx:coord>100.5555338 36.1338170 92.83</gx:coord>
        <gx:coord>100.5554672 36.1338170 92.91</gx:coord>
        <gx:coord>100.5554005 36.1338170 92.99</gx:coord>
        <gx:coord>100.5553338 36.1338170 93.07</gx:coord>
        <gx:coord>100.5552671 36.1338170 93.15</gx:coord>
        <gx:coord>100.5552005 36.1338170 93.22</gx:coord>
        <gx:coord>100.5551338 36.1338170 93.30</gx:coord>
        <gx:coord>100.5550671 36.1338170 93.37</gx:coord>
        <gx:coord>100.5550004 36.1338170 93.45</gx:coord>
        <gx:coord>100.5549338 36.1338170 93.52</gx:coord>
        <gx:coord>100.5548671 36.1338170 93.59</gx:coord>
        <gx:coord>100.5548004 36.1338170 93.66</gx:coord>
        <gx:coord>100.5547337 36.1338170 93.73</gx:coord>
        <gx:coord>100.5546671 36.1338170 93.80</gx:coord>
        <gx:coord>100.5546004 36.1338170 93.86</gx:coord>
        <gx:coord>100.5545337 36.1338170 93.93</gx:coord>
        <gx:coord>100.5544670 36.1338170 93.99</gx:coord>
        <gx:coord>100.5544004 36.1338170 94.06</gx:coord>
        <gx:coord>100.5543337 36.1338170 94.12</gx:coord>
        <gx:coord>100.5542670 36.1338170 94.18</gx:coord>
        <gx:coord>100.5542003 36.1338170 94.24</gx:coord>
        <gx:coord>100.5541337 36.1338170 94.30</gx:coord>
        <gx:coord>100.5540670 36.1338170 94.35</gx:coord>
        <gx:coord>100.5540003 36.1338170 94.41</gx:coord>
        <gx:coord>100.5539336 36.1338170 94.46</gx:coord>
        <gx:coord>100.5538669 36.1338170 94.52</gx:coord>
        <gx:coord>100.5538003 36.1338170 94.57</gx:coord>
        <gx:coord>100.5537336 36.1338170 94.62</gx:coord>
        <gx:coord>100.5536669 36.1338170 94.67</gx:coord>
        <gx:coord>100.5536002 36.1338170 94.72</gx:coord>
        <gx:coord>100.5535336 36.1338170 94.77</gx:coord>
        <gx:coord>100.5534669 36.1338170 94.82</gx:coord>
        <gx:coord>100.5534002 36.1338170 94.86</gx:coord>
        <gx:coord>100.5533335 36.1338170 94.91</gx:coord>
        <gx:coord>100.5532669 36.1338170 94.95</gx:coord>
        <gx:coord>100.5532002 36.1338170 94.99</gx:coord>
        <gx:coord>100.5531335 36.1338170 95.03</gx:coord>
        <gx:coord>100.5530668 36.1338170 95.07</gx:coord>
        <gx:coord>100.5530002 36.1338170 95.11</gx:coord>
        <gx:coord>100.5529335 36.1338170 95.15</gx:coord>
        <gx:coord>100.5528668 36.1338170 95.19</gx:coord>
        <gx:coord>100.5528001 36.1338170 95.23</gx:coord>
        <gx:coord>100.5527335 36.1338170 95.26</gx:coord>
        <gx:coord>100.5526668 36.1338170 95.30</gx:coord>
        <gx:coord>100.5526001 36.1338170 95.33</gx:coord>
        <gx:coord>100.5525334 36.1338170 95.36</gx:coord>
        <gx:coord>100.5524668 36.1338170 95.40</gx:coord>
        <gx:coord>100.5524001 36.1338170 95.43</gx:coord>
        <gx:coord>100.5523334 36.1338170 95.46</gx:coord>
        <gx:coord>100.5522667 36.1338170 95.49</gx:coord>
        <gx:coord>100.5522001 36.1338170 95.52</gx:coord>
        <gx:coord>100.5521334 36.1338170 95.55</gx:coord>
        <gx:coord>100.5520667 36.1338170 95.57</gx:coord>
        <gx:coord>100.5520000 36.1338170 95.60</gx:coord>
        <gx:coord>100.5519334 36.1338170 95.63</gx:coord>
        <gx:coord>100.5518667 36.1338170 95.66</gx:coord>
        <gx:coord>100.5518000 36.1338170 95.68</gx:coord>
        <gx:coord>100.5517333 36.1338170 95.71</gx:coord>
        <gx:coord>100.5516667 36.1338170 95.73</gx:coord>
        <gx:coord>100.5516000 36.1338170 95.76</gx:coord>
        <gx:coord>100.5515333 36.1338170 95.78</gx:coord>
        <gx:coord>100.5514666 36.1338170 95.80</gx:coord>
        <gx:coord>100.5514000 36.1338170 95.83</gx:coord>
        <gx:coord>100.5513333 36.1338170 95.85</gx:coord>
        <gx:coord>100.5512666 36.1338170 95.87</gx:coord>
        <gx:coord>100.5511999 36.1338170 95.90</gx:coord>
        <gx:coord>100.5511652 36.1338194 95.91</gx:coord>
        <gx:coord>100.5511315 36.1338267 95.92</gx:coord>
        <gx:coord>100.5510998 36.1338386 95.93</gx:coord>
        <gx:coord>100.5510712 36.1338548 95.94</gx:coord>
        <gx:coord>100.5510466 36.1338747 95.95</gx:coord>
        <gx:coord>100.5510265 36.1338978 95.97</gx:coord>
        <gx:coord>100.5510118 36.1339234 95.98</gx:coord>
        <gx:coord>100.5510028 36.1339506 95.99</gx:coord>
        <gx:coord>100.5509997 36.1339787 96.00</gx:coord>
        <gx:coord>100.5510028 36.1340067 96.01</gx:coord>
        <gx:coord>100.5510118 36.1340340 96.02</gx:coord>
        <gx:coord>100.5510265 36.1340595 96.03</gx:coord>
        <gx:coord>100.5510466 36.1340826 96.05</gx:coord>
        <gx:coord>100.5510712 36.1341025 96.06</gx:coord>
        <gx:coord>100.5510998 36.1341187 96.07</gx:coord>
        <gx:coord>100.5511315 36.1341306 96.08</gx:coord>
        <gx:coord>100.5511652 36.1341379 96.09</gx:coord>
        <gx:coord>100.5511999 36.1341404 96.10</gx:coord>
        <gx:coord>100.5512666 36.1341404 96.13</gx:coord>
        <gx:coord>100.5513333 36.1341404 96.15</gx:coord>
        <gx:coord>100.5514000 36.1341404 96.17</gx:coord>
        <gx:coord>100.5514666 36.1341404 96.20</gx:coord>
        <gx:coord>100.5515333 36.1341404 96.22</gx:coord>
        <gx:coord>100.5516000 36.1341404 96.24</gx:coord>
        <gx:coord>100.5516667 36.1341404 96.27</gx:coord>
        <gx:coord>100.5517333 36.1341404 96.29</gx:coord>
        <gx:coord>100.5518000 36.1341404 96.32</gx:coord>
        <gx:coord>100.5518667 36.1341404 96.34</gx:coord>
        <gx:coord>100.5519334 36.1341404 96.37</gx:coord>
        <gx:coord>100.5520000 36.1341404 96.40</gx:coord>
        <gx:coord>100.5520667 36.1341404 96.43</gx:coord>
        <gx:coord>100.5521334 36.1341404 96.45</gx:coord>
        <gx:coord>100.5522001 36.1341404 96.48</gx:coord>
        <gx:coord>100.5522667 36.1341404 96.51</gx:coord>
        <gx:coord>100.5523334 36.1341404 96.54</gx:coord>
        <gx:coord>100.5524001 36.1341404 96.57</gx:coord>
        <gx:coord>100.5524668 36.1341404 96.60</gx:coord>
        <gx:coord>100.5525334 36.1341404 96.64</gx:coord>
        <gx:coord>100.5526001 36.1341404 96.67</gx:coord>
        <gx:coord>100.5526668 36.1341404 96.70</gx:coord>
        <gx:coord>100.5527335 36.1341404 96.74</gx:coord>
        <gx:coord>100.5528001 36.1341404 96.77</gx:coord>
        <gx:coord>100.5528668 36.1341404 96.81</gx:coord>
        <gx:coord>100.5529335 36.1341404 96.85</gx:coord>
        <gx:coord>100.5530002 36.1341404 96.89</gx:coord>
        <gx:coord>100.5530669 36.1341404 96.93</gx:coord>
        <gx:coord>100.5531335 36.1341404 96.97</gx:coord>
        <gx:coord>100.5532002 36.1341404 97.01</gx:coord>
        <gx:coord>100.5532669 36.1341404 97.05</gx:coord>
        <gx:coord>100.5533336 36.1341404 97.09</gx:coord>
        <gx:coord>100.5534002 36.1341404 97.14</gx:coord>
        <gx:coord>100.5534669 36.1341404 97.18</gx:coord>
        <gx:coord>100.5535336 36.1341404 97.23</gx:coord>
        <gx:coord>100.5536003 36.1341404 97.28</gx:coord>
        <gx:coord>100.5536669 36.1341404 97.33</gx:coord>
        <gx:coord>100.5537336 36.1341404 97.38</gx:coord>
        <gx:coord>100.5538003 36.1341404 97.43</gx:coord>
        <gx:coord>100.5538670 36.1341404 97.48</gx:coord>
        <gx:coord>100.5539336 36.1341404 97.54</gx:coord>
        <gx:coord>100.5540003 36.1341404 97.59</gx:coord>
        <gx:coord>100.5540670 36.1341404 97.65</gx:coord>
        <gx:coord>100.5541337 36.1341404 97.70</gx:coord>
        <gx:coord>100.5542003 36.1341404 97.76</gx:coord>
        <gx:coord>100.5542670 36.1341404 97.82</gx:coord>
        <gx:coord>100.5543337 36.1341404 97.88</gx:coord>
        <gx:coord>100.5544004 36.1341404 97.94</gx:coord>
        <gx:coord>100.5544670 36.1341404 98.01</gx:coord>
        <gx:coord>100.5545337 36.1341404 98.07</gx:coord>
        <gx:coord>100.5546004 36.1341404 98.14</gx:coord>
        <gx:coord>100.5546671 36.1341404 98.20</gx:coord>
        <gx:coord>100.5547337 36.1341404 98.27</gx:coord>
        <gx:coord>100.5548004 36.1341404 98.34</gx:coord>
        <gx:coord>100.5548671 36.1341404 98.41</gx:coord>
        <gx:coord>100.5549338 36.1341404 98.48</gx:coord>
        <gx:coord>100.5550004 36.1341404 98.55</gx:coord>
        <gx:coord>100.5550671 36.1341404 98.63</gx:coord>
        <gx:coord>100.5551338 36.1341404 98.70</gx:coord>
        <gx:coord>100.5552005 36.1341404 98.78</gx:coord>
        <gx:coord>100.5552672 36.1341404 98.85</gx:coord>
        <gx:coord>100.5553338 36.1341404 98.93</gx:coord>
        <gx:coord>100.5554005 36.1341404 99.01</gx:coord>
        <gx:coord>100.5554672 36.1341404 99.09</gx:coord>
        <gx:coord>100.5555339 36.1341404 99.17</gx:coord>
        <gx:coord>100.5556005 36.1341404 99.25</gx:coord>
        <gx:coord>100.5556672 36.1341404 99.33</gx:coord>
        <gx:coord>100.5557339 36.1341404 99.41</gx:coord>
        <gx:coord>100.5558006 36.1341404 99.50</gx:coord>
        <gx:coord>100.5558672 36.1341404 99.58</gx:coord>
        <gx:coord>100.5559339 36.1341404 99.67</gx:coord>
        <gx:coord>100.5560006 36.1341404 99.75</gx:coord>
        <gx:coord>100.5560673 36.1341404 99.84</gx:coord>
        <gx:coord>100.5561339 36.1341404 99.93</gx:coord>
        <gx:coord>100.5562006 36.1341404 100.02</gx:coord>
        <gx:coord>100.5562673 36.1341404 100.11</gx:coord>
        <gx:coord>100.5563340 36.1341404 100.20</gx:coord>
        <gx:coord>100.5564006 36.1341404 100.29</gx:coord>
        <gx:coord>100.5564673 36.1341404 100.38</gx:coord>
        <gx:coord>100.5565340 36.1341404 100.47</gx:coord>
        <gx:coord>100.5566007 36.1341404 100.56</gx:coord>
        <gx:coord>100.5566673 36.1341404 100.65</gx:coord>
        <gx:coord>100.5567340 36.1341404 100.75</gx:coord>
        <gx:coord>100.5568007 36.1341404 100.84</gx:coord>
        <gx:coord>100.5568674 36.1341404 100.93</gx:coord>
        <gx:coord>100.5569340 36.1341404 101.03</gx:coord>
        <gx:coord>100.5569688 36.1341428 101.08</gx:coord>
        <gx:coord>100.5570025 36.1341501 101.12</gx:coord>
        <gx:coord>100.5570342 36.1341620 101.17</gx:coord>
        <gx:coord>100.5570627 36.1341782 101.22</gx:coord>
        <gx:coord>100.5570874 36.1341981 101.27</gx:coord>
        <gx:coord>100.5571074 36.1342212 101.32</gx:coord>
        <gx:coord>100.5571222 36.1342467 101.37</gx:coord>
        <gx:coord>100.5571312 36.1342740 101.42</gx:coord>
        <gx:coord>100.5571343 36.1343020 101.47</gx:coord>
        <gx:coord>100.5571312 36.1343301 101.52</gx:coord>
        <gx:coord>100.5571222 36.1343574 101.57</gx:coord>
        <gx:coord>100.5571074 36.1343829 101.62</gx:coord>
        <gx:coord>100.5570874 36.1344060 101.67</gx:coord>
        <gx:coord>100.5570627 36.1344259 101.72</gx:coord>
        <gx:coord>100.5570342 36.1344421 101.76</gx:coord>
        <gx:coord>100.5570025 36.1344540 101.81</gx:coord>
        <gx:coord>100.5569688 36.1344613 101.86</gx:coord>
        <gx:coord>100.5569340 36.1344637 101.91</gx:coord>
        <gx:coord>100.5568674 36.1344637 102.01</gx:coord>
        <gx:coord>100.5568007 36.1344637 102.10</gx:coord>
        <gx:coord>100.5567340 36.1344637 102.19</gx:coord>
        <gx:coord>100.5566673 36.1344637 102.29</gx:coord>
        <gx:coord>100.5566007 36.1344637 102.38</gx:coord>
        <gx:coord>100.5565340 36.1344637 102.47</gx:coord>
        <gx:coord>100.5564673 36.1344637 102.56</gx:coord>
        <gx:coord>100.5564006 36.1344637 102.65</gx:coord>
        <gx:coord>100.5563340 36.1344637 102.74</gx:coord>
        <gx:coord>100.5562673 36.1344637 102.83</gx:coord>
        <gx:coord>100.5562006 36.1344637 102.92</gx:coord>
        <gx:coord>100.5561339 36.1344637 103.01</gx:coord>
        <gx:coord>100.5560673 36.1344637 103.10</gx:coord>
        <gx:coord>100.5560006 36.1344637 103.18</gx:coord>
        <gx:coord>100.5559339 36.1344637 103.27</gx:coord>
        <gx:coord>100.5558672 36.1344637 103.35</gx:coord>
        <gx:coord>100.5558006 36.1344637 103.44</gx:coord>
        <gx:coord>100.5557339 36.1344637 103.52</gx:coord>
        <gx:coord>100.5556672 36.1344637 103.60</gx:coord>
        <gx:coord>100.5556005 36.1344637 103.68</gx:coord>
        <gx:coord>100.5555338 36.1344637 103.76</gx:coord>
        <gx:coord>100.5554672 36.1344637 103.84</gx:coord>
        <gx:coord>100.5554005 36.1344637 103.91</gx:coord>
        <gx:coord>100.5553338 36.1344637 103.99</gx:coord>
        <gx:coord>100.5552671 36.1344637 104.06</gx:coord>
        <gx:coord>100.5552005 36.1344637 104.13</gx:coord>
        <gx:coord>100.5551338 36.1344637 104.21</gx:coord>
        <gx:coord>100.5550671 36.1344637 104.28</gx:coord>
        <gx:coord>100.5550004 36.1344637 104.34</gx:coord>
        <gx:coord>100.5549338 36.1344637 104.41</gx:coord>
        <gx:coord>100.5548671 36.1344637 104.47</gx:coord>
        <gx:coord>100.5548004 36.1344637 104.54</gx:coord>
        <gx:coord>100.5547337 36.1344637 104.60</gx:coord>
        <gx:coord>100.5546671 36.1344637 104.66</gx:coord>
        <gx:coord>100.5546004 36.1344637 104.71</gx:coord>
        <gx:coord>100.5545337 36.1344637 104.77</gx:coord>
        <gx:coord>100.5544670 36.1344637 104.82</gx:coord>
        <gx:coord>100.5544004 36.1344637 104.88</gx:coord>
        <gx:coord>100.5543337 36.1344637 104.93</gx:coord>
        <gx:coord>100.5542670 36.1344637 104.97</gx:coord>
        <gx:coord>100.5542003 36.1344637 105.02</gx:coord>
        <gx:coord>100.5541337 36.1344637 105.06</gx:coord>
        <gx:coord>100.5540670 36.1344637 105.10</gx:coord>
        <gx:coord>100.5540003 36.1344637 105.14</gx:coord>
        <gx:coord>100.5539336 36.1344637 105.18</gx:coord>
        <gx:coord>100.5538669 36.1344637 105.22</gx:coord>
        <gx:coord>100.5538003 36.1344637 105.25</gx:coord>
        <gx:coord>100.5537336 36.1344637 105.28</gx:coord>
        <gx:coord>100.5536669 36.1344637 105.31</gx:coord>
        <gx:coord>100.5536002 36.1344637 105.33</gx:coord>
        <gx:coord>100.5535336 36.1344637 105.36</gx:coord>
        <gx:coord>100.5534669 36.1344637 105.38</gx:coord>
        <gx:coord>100.5534002 36.1344637 105.40</gx:coord>
        <gx:coord>100.5533335 36.1344637 105.41</gx:coord>
        <gx:coord>100.5532669 36.1344637 105.43</gx:coord>
        <gx:coord>100.5532002 36.1344637 105.44</gx:coord>
        <gx:coord>100.5531335 36.1344637 105.45</gx:coord>
        <gx:coord>100.5530668 36.1344637 105.46</gx:coord>
        <gx:coord>100.5530002 36.1344637 105.46</gx:coord>
        <gx:coord>100.5529335 36.1344637 105.46</gx:coord>
        <gx:coord>100.5528668 36.1344637 105.46</gx:coord>
        <gx:coord>100.5528001 36.1344637 105.46</gx:coord>
        <gx:coord>100.5527335 36.1344637 105.45</gx:coord>
        <gx:coord>100.5526668 36.1344637 105.44</gx:coord>
        <gx:coord>100.5526001 36.1344637 105.43</gx:coord>
        <gx:coord>100.5525334 36.1344637 105.42</gx:coord>
        <gx:coord>100.5524668 36.1344637 105.40</gx:coord>
        <gx:coord>100.5524001 36.1344637 105.38</gx:coord>
        <gx:coord>100.5523334 36.1344637 105.36</gx:coord>
        <gx:coord>100.5522667 36.1344637 105.34</gx:coord>
        <gx:coord>100.5522000 36.1344637 105.31</gx:coord>
        <gx:coord>100.5521334 36.1344637 105.28</gx:coord>
        <gx:coord>100.5520667 36.1344637 105.25</gx:coord>
        <gx:coord>100.5520000 36.1344637 105.22</gx:coord>
        <gx:coord>100.5519333 36.1344637 105.18</gx:coord>
        <gx:coord>100.5518667 36.1344637 105.14</gx:coord>
        <gx:coord>100.5518000 36.1344637 105.10</gx:coord>
        <gx:coord>100.5517333 36.1344637 105.06</gx:coord>
        <gx:coord>100.5516666 36.1344637 105.01</gx:coord>
        <gx:coord>100.5516000 36.1344637 104.96</gx:coord>
        <gx:coord>100.5515333 36.1344637 104.91</gx:coord>
        <gx:coord>100.5514666 36.1344637 104.85</gx:coord>
        <gx:coord>100.5513999 36.1344637 104.80</gx:coord>
        <gx:coord>100.5513333 36.1344637 104.74</gx:coord>
        <gx:coord>100.5512666 36.1344637 104.68</gx:coord>
        <gx:coord>100.5511999 36.1344637 104.62</gx:coord>
        <gx:coord>100.5511651 36.1344662 104.58</gx:coord>
        <gx:coord>100.5511314 36.1344735 104.55</gx:coord>
        <gx:coord>100.5510998 36.1344854 104.51</gx:coord>
        <gx:coord>100.5510712 36.1345016 104.47</gx:coord>
        <gx:coord>100.5510465 36.1345215 104.44</gx:coord>
        <gx:coord>100.5510265 36.1345446 104.40</gx:coord>
        <gx:coord>100.5510118 36.1345701 104.36</gx:coord>
        <gx:coord>100.5510027 36.1345974 104.32</gx:coord>
        <gx:coord>100.5509997 36.1346254 104.28</gx:coord>
        <gx:coord>100.5510027 36.1346535 104.24</gx:coord>
        <gx:coord>100.5510118 36.1346807 104.20</gx:coord>
        <gx:coord>100.5510265 36.1347063 104.16</gx:coord>
        <gx:coord>100.5510465 36.1347294 104.12</gx:coord>
        <gx:coord>100.5510712 36.1347493 104.08</gx:coord>
        <gx:coord>100.5510998 36.1347655 104.04</gx:coord>
        <gx:coord>100.5511314 36.1347774 103.99</gx:coord>
        <gx:coord>100.5511651 36.1347847 103.95</gx:coord>
        <gx:coord>100.5511999 36.1347871 103.91</gx:coord>
        <gx:coord>100.5512666 36.1347871 103.82</gx:coord>
        <gx:coord>100.5513333 36.1347871 103.73</gx:coord>
        <gx:coord>100.5513999 36.1347871 103.64</gx:coord>
        <gx:coord>100.5514666 36.1347871 103.55</gx:coord>
        <gx:coord>100.5515333 36.1347871 103.45</gx:coord>
        <gx:coord>100.5516000 36.1347871 103.36</gx:coord>
        <gx:coord>100.5516666 36.1347871 103.26</gx:coord>
        <gx:coord>100.5517333 36.1347871 103.16</gx:coord>
        <gx:coord>100.5518000 36.1347871 103.06</gx:coord>
        <gx:coord>100.5518667 36.1347871 102.95</gx:coord>
        <gx:coord>100.5519333 36.1347871 102.85</gx:coord>
        <gx:coord>100.5520000 36.1347871 102.74</gx:coord>
        <gx:coord>100.5520667 36.1347871 102.64</gx:coord>
        <gx:coord>100.5521334 36.1347871 102.53</gx:coord>
        <gx:coord>100.5522001 36.1347871 102.41</gx:coord>
        <gx:coord>100.5522667 36.1347871 102.30</gx:coord>
        <gx:coord>100.5523334 36.1347871 102.19</gx:coord>
        <gx:coord>100.5524001 36.1347871 102.07</gx:coord>
        <gx:coord>100.5524668 36.1347871 101.96</gx:coord>
        <gx:coord>100.5525334 36.1347871 101.84</gx:coord>
        <gx:coord>100.5526001 36.1347871 101.72</gx:coord>
        <gx:coord>100.5526668 36.1347871 101.60</gx:coord>
        <gx:coord>100.5527335 36.1347871 101.48</gx:coord>
        <gx:coord>100.5528001 36.1347871 101.36</gx:coord>
        <gx:coord>100.5528668 36.1347871 101.24</gx:coord>
        <gx:coord>100.5529335 36.1347871 101.11</gx:coord>
        <gx:coord>100.5530002 36.1347871 100.99</gx:coord>
        <gx:coord>100.5530668 36.1347871 100.86</gx:coord>
        <gx:coord>100.5531335 36.1347871 100.74</gx:coord>
        <gx:coord>100.5532002 36.1347871 100.61</gx:coord>
        <gx:coord>100.5532669 36.1347871 100.48</gx:coord>
        <gx:coord>100.5533335 36.1347871 100.35</gx:coord>
        <gx:coord>100.5534002 36.1347871 100.23</gx:coord>
        <gx:coord>100.5534669 36.1347871 100.10</gx:coord>
        <gx:coord>100.5535336 36.1347871 99.97</gx:coord>
        <gx:coord>100.5536003 36.1347871 99.84</gx:coord>
        <gx:coord>100.5536669 36.1347871 99.71</gx:coord>
        <gx:coord>100.5537336 36.1347871 99.58</gx:coord>
        <gx:coord>100.5538003 36.1347871 99.45</gx:coord>
        <gx:coord>100.5538670 36.1347871 99.32</gx:coord>
        <gx:coord>100.5539336 36.1347871 99.19</gx:coord>
        <gx:coord>100.5540003 36.1347871 99.05</gx:coord>
        <gx:coord>100.5540670 36.1347871 98.92</gx:coord>
        <gx:coord>100.5541337 36.1347871 98.79</gx:coord>
        <gx:coord>100.5542003 36.1347871 98.66</gx:coord>
        <gx:coord>100.5542670 36.1347871 98.53</gx:coord>
        <gx:coord>100.5543337 36.1347871 98.40</gx:coord>
        <gx:coord>100.5544004 36.1347871 98.27</gx:coord>
        <gx:coord>100.5544670 36.1347871 98.14</gx:coord>
        <gx:coord>100.5545337 36.1347871 98.01</gx:coord>
        <gx:coord>100.5546004 36.1347871 97.89</gx:coord>
        <gx:coord>100.5546671 36.1347871 97.76</gx:coord>
        <gx:coord>100.5547338 36.1347871 97.63</gx:coord>
        <gx:coord>100.5548004 36.1347871 97.50</gx:coord>
        <gx:coord>100.5548671 36.1347871 97.38</gx:coord>
        <gx:coord>100.5549338 36.1347871 97.25</gx:coord>
        <gx:coord>100.5550005 36.1347871 97.13</gx:coord>
        <gx:coord>100.5550671 36.1347871 97.00</gx:coord>
        <gx:coord>100.5551338 36.1347871 96.88</gx:coord>
        <gx:coord>100.5552005 36.1347871 96.76</gx:coord>
        <gx:coord>100.5552672 36.1347871 96.64</gx:coord>
        <gx:coord>100.5553338 36.1347871 96.52</gx:coord>
        <gx:coord>100.5554005 36.1347871 96.40</gx:coord>
        <gx:coord>100.5554672 36.1347871 96.28</gx:coord>
        <gx:coord>100.5555339 36.1347871 96.16</gx:coord>
        <gx:coord>100.5556005 36.1347871 96.04</gx:coord>
        <gx:coord>100.5556672 36.1347871 95.93</gx:coord>
        <gx:coord>100.5557339 36.1347871 95.81</gx:coord>
        <gx:coord>100.5558006 36.1347871 95.70</gx:coord>
        <gx:coord>100.5558672 36.1347871 95.59</gx:coord>
        <gx:coord>100.5559339 36.1347871 95.48</gx:coord>
        <gx:coord>100.5560006 36.1347871 95.37</gx:coord>
        <gx:coord>100.5560673 36.1347871 95.26</gx:coord>
        <gx:coord>100.5561340 36.1347871 95.16</gx:coord>
        <gx:coord>100.5562006 36.1347871 95.05</gx:coord>
        <gx:coord>100.5562673 36.1347871 94.95</gx:coord>
        <gx:coord>100.5563340 36.1347871 94.85</gx:coord>
        <gx:coord>100.5564007 36.1347871 94.75</gx:coord>
        <gx:coord>100.5564673 36.1347871 94.65</gx:coord>
        <gx:coord>100.5565340 36.1347871 94.55</gx:coord>
        <gx:coord>100.5566007 36.1347871 94.46</gx:coord>
        <gx:coord>100.5566674 36.1347871 94.36</gx:coord>
        <gx:coord>100.5567340 36.1347871 94.27</gx:coord>
        <gx:coord>100.5568007 36.1347871 94.18</gx:coord>
        <gx:coord>100.5568674 36.1347871 94.09</gx:coord>
        <gx:coord>100.5569341 36.1347871 94.00</gx:coord>
        <gx:coord>100.5569688 36.1347896 93.95</gx:coord>
        <gx:coord>100.5570025 36.1347969 93.91</gx:coord>
        <gx:coord>100.5570342 36.1348088 93.87</gx:coord>
        <gx:coord>100.5570628 36.1348250 93.82</gx:coord>
        <gx:coord>100.5570874 36.1348449 93.78</gx:coord>
        <gx:coord>100.5571075 36.1348680 93.74</gx:coord>
        <gx:coord>100.5571222 36.1348935 93.69</gx:coord>
        <gx:coord>100.5571312 36.1349208 93.65</gx:coord>
        <gx:coord>100.5571343 36.1349488 93.61</gx:coord>
        <gx:coord>100.5571312 36.1349769 93.57</gx:coord>
        <gx:coord>100.5571222 36.1350041 93.53</gx:coord>
        <gx:coord>100.5571075 36.1350297 93.49</gx:coord>
        <gx:coord>100.5570874 36.1350528 93.45</gx:coord>
        <gx:coord>100.5570628 36.1350727 93.41</gx:coord>
        <gx:coord>100.5570342 36.1350889 93.37</gx:coord>
        <gx:coord>100.5570025 36.1351008 93.33</gx:coord>
        <gx:coord>100.5569688 36.1351081 93.29</gx:coord>
        <gx:coord>100.5569341 36.1351105 93.26</gx:coord>
        <gx:coord>100.5568674 36.1351105 93.19</gx:coord>
        <gx:coord>100.5568007 36.1351105 93.12</gx:coord>
        <gx:coord>100.5567340 36.1351105 93.05</gx:coord>
        <gx:coord>100.5566674 36.1351105 92.99</gx:coord>
        <gx:coord>100.5566007 36.1351105 92.92</gx:coord>
        <gx:coord>100.5565340 36.1351105 92.86</gx:coord>
        <gx:coord>100.5564673 36.1351105 92.80</gx:coord>
        <gx:coord>100.5564007 36.1351105 92.74</gx:coord>
        <gx:coord>100.5563340 36.1351105 92.69</gx:coord>
        <gx:coord>100.5562673 36.1351105 92.63</gx:coord>
        <gx:coord>100.5562006 36.1351105 92.58</gx:coord>
        <gx:coord>100.5561340 36.1351105 92.53</gx:coord>
        <gx:coord>100.5560673 36.1351105 92.48</gx:coord>
        <gx:coord>100.5560006 36.1351105 92.43</gx:coord>
        <gx:coord>100.5559339 36.1351105 92.38</gx:coord>
        <gx:coord>100.5558672 36.1351105 92.34</gx:coord>
        <gx:coord>100.5558006 36.1351105 92.30</gx:coord>
        <gx:coord>100.5557339 36.1351105 92.25</gx:coord>
        <gx:coord>100.5556672 36.1351105 92.21</gx:coord>
        <gx:coord>100.5556005 36.1351105 92.18</gx:coord>
        <gx:coord>100.5555339 36.1351105 92.14</gx:coord>
        <gx:coord>100.5554672 36.1351105 92.10</gx:coord>
        <gx:coord>100.5554005 36.1351105 92.07</gx:coord>
        <gx:coord>100.5553338 36.1351105 92.04</gx:coord>
        <gx:coord>100.5552672 36.1351105 92.00</gx:coord>
        <gx:coord>100.5552005 36.1351105 91.97</gx:coord>
        <gx:coord>100.5551338 36.1351105 91.95</gx:coord>
        <gx:coord>100.5550671 36.1351105 91.92</gx:coord>
        <gx:coord>100.5550004 36.1351105 91.89</gx:coord>
        <gx:coord>100.5549338 36.1351105 91.87</gx:coord>
        <gx:coord>100.5548671 36.1351105 91.84</gx:coord>
        <gx:coord>100.5548004 36.1351105 91.82</gx:coord>
        <gx:coord>100.5547337 36.1351105 91.80</gx:coord>
        <gx:coord>100.5546671 36.1351105 91.78</gx:coord>
        <gx:coord>100.5546004 36.1351105 91.76</gx:coord>
        <gx:coord>100.5545337 36.1351105 91.74</gx:coord>
        <gx:coord>100.5544670 36.1351105 91.73</gx:coord>
        <gx:coord>100.5544004 36.1351105 91.71</gx:coord>
        <gx:coord>100.5543337 36.1351105 91.70</gx:coord>
        <gx:coord>100.5542670 36.1351105 91.68</gx:coord>
        <gx:coord>100.5542003 36.1351105 91.67</gx:coord>
        <gx:coord>100.5541337 36.1351105 91.66</gx:coord>
        <gx:coord>100.5540670 36.1351105 91.65</gx:coord>
        <gx:coord>100.5540003 36.1351105 91.64</gx:coord>
        <gx:coord>100.5539336 36.1351105 91.63</gx:coord>
        <gx:coord>100.5538669 36.1351105 91.62</gx:coord>
        <gx:coord>100.5538003 36.1351105 91.61</gx:coord>
        <gx:coord>100.5537336 36.1351105 91.60</gx:coord>
        <gx:coord>100.5536669 36.1351105 91.60</gx:coord>
        <gx:coord>100.5536002 36.1351105 91.59</gx:coord>
        <gx:coord>100.5535336 36.1351105 91.58</gx:coord>
        <gx:coord>100.5534669 36.1351105 91.58</gx:coord>
        <gx:coord>100.5534002 36.1351105 91.57</gx:coord>
        <gx:coord>100.5533335 36.1351105 91.57</gx:coord>
        <gx:coord>100.5532669 36.1351105 91.57</gx:coord>
        <gx:coord>100.5532002 36.1351105 91.56</gx:coord>
        <gx:coord>100.5531335 36.1351105 91.56</gx:coord>
        <gx:coord>100.5530668 36.1351105 91.55</gx:coord>
        <gx:coord>100.5530002 36.1351105 91.55</gx:coord>
        <gx:coord>100.5529335 36.1351105 91.55</gx:coord>
        <gx:coord>100.5528668 36.1351105 91.55</gx:coord>
        <gx:coord>100.5528001 36.1351105 91.54</gx:coord>
        <gx:coord>100.5527334 36.1351105 91.54</gx:coord>
        <gx:coord>100.5526668 36.1351105 91.54</gx:coord>
        <gx:coord>100.5526001 36.1351105 91.54</gx:coord>
        <gx:coord>100.5525334 36.1351105 91.53</gx:coord>
        <gx:coord>100.5524667 36.1351105 91.53</gx:coord>
        <gx:coord>100.5524001 36.1351105 91.53</gx:coord>
        <gx:coord>100.5523334 36.1351105 91.53</gx:coord>
        <gx:coord>100.5522667 36.1351105 91.52</gx:coord>
        <gx:coord>100.5522000 36.1351105 91.52</gx:coord>
        <gx:coord>100.5521334 36.1351105 91.52</gx:coord>
        <gx:coord>100.5520667 36.1351105 91.51</gx:coord>
        <gx:coord>100.5520000 36.1351105 91.51</gx:coord>
        <gx:coord>100.5519333 36.1351105 91.50</gx:coord>
        <gx:coord>100.5518666 36.1351105 91.50</gx:coord>
        <gx:coord>100.5518000 36.1351105 91.49</gx:coord>
        <gx:coord>100.5517333 36.1351105 91.49</gx:coord>
        <gx:coord>100.5516666 36.1351105 91.48</gx:coord>
        <gx:coord>100.5515999 36.1351105 91.48</gx:coord>
        <gx:coord>100.5515333 36.1351105 91.47</gx:coord>
        <gx:coord>100.5514666 36.1351105 91.46</gx:coord>
        <gx:coord>100.5513999 36.1351105 91.45</gx:coord>
        <gx:coord>100.5513332 36.1351105 91.45</gx:coord>
        <gx:coord>100.5512666 36.1351105 91.44</gx:coord>
        <gx:coord>100.5511999 36.1351105 91.43</gx:coord>
        <gx:coord>100.5511651 36.1351130 91.42</gx:coord>
        <gx:coord>100.5511314 36.1351203 91.42</gx:coord>
        <gx:coord>100.5510998 36.1351322 91.41</gx:coord>
        <gx:coord>100.5510712 36.1351484 91.40</gx:coord>
        <gx:coord>100.5510465 36.1351683 91.40</gx:coord>
        <gx:coord>100.5510265 36.1351914 91.39</gx:coord>
        <gx:coord>100.5510117 36.1352169 91.39</gx:coord>
        <gx:coord>100.5510027 36.1352441 91.38</gx:coord>
        <gx:coord>100.5509997 36.1352722 91.37</gx:coord>
        <gx:coord>100.5510027 36.1353003 91.36</gx:coord>
        <gx:coord>100.5510117 36.1353275 91.36</gx:coord>
        <gx:coord>100.5510265 36.1353531 91.35</gx:coord>
        <gx:coord>100.5510465 36.1353762 91.34</gx:coord>
        <gx:coord>100.5510712 36.1353961 91.33</gx:coord>
        <gx:coord>100.5510998 36.1354123 91.33</gx:coord>
        <gx:coord>100.5511314 36.1354242 91.32</gx:coord>
        <gx:coord>100.5511651 36.1354315 91.31</gx:coord>
        <gx:coord>100.5511999 36.1354339 91.30</gx:coord>
        <gx:coord>100.5512666 36.1354339 91.28</gx:coord>
        <gx:coord>100.5513332 36.1354339 91.27</gx:coord>
        <gx:coord>100.5513999 36.1354339 91.25</gx:coord>
        <gx:coord>100.5514666 36.1354339 91.23</gx:coord>
        <gx:coord>100.5515333 36.1354339 91.21</gx:coord>
        <gx:coord>100.5515999 36.1354339 91.19</gx:coord>
        <gx:coord>100.5516666 36.1354339 91.16</gx:coord>
        <gx:coord>100.5517333 36.1354339 91.14</gx:coord>
        <gx:coord>100.5518000 36.1354339 91.12</gx:coord>
        <gx:coord>100.5518667 36.1354339 91.09</gx:coord>
        <gx:coord>100.5519333 36.1354339 91.07</gx:coord>
        <gx:coord>100.5520000 36.1354339 91.04</gx:coord>
        <gx:coord>100.5520667 36.1354339 91.02</gx:coord>
        <gx:coord>100.5521334 36.1354339 90.99</gx:coord>
        <gx:coord>100.5522000 36.1354339 90.96</gx:coord>
        <gx:coord>100.5522667 36.1354339 90.93</gx:coord>
        <gx:coord>100.5523334 36.1354339 90.90</gx:coord>
        <gx:coord>100.5524001 36.1354339 90.87</gx:coord>
        <gx:coord>100.5524667 36.1354339 90.84</gx:coord>
        <gx:coord>100.5525334 36.1354339 90.81</gx:coord>
        <gx:coord>100.5526001 36.1354339 90.77</gx:coord>
        <gx:coord>100.5526668 36.1354339 90.74</gx:coord>
        <gx:coord>100.5527335 36.1354339 90.71</gx:coord>
        <gx:coord>100.5528001 36.1354339 90.67</gx:coord>
        <gx:coord>100.5528668 36.1354339 90.63</gx:coord>
        <gx:coord>100.5529335 36.1354339 90.60</gx:coord>
        <gx:coord>100.5530002 36.1354339 90.56</gx:coord>
        <gx:coord>100.5530668 36.1354339 90.52</gx:coord>
        <gx:coord>100.5531335 36.1354339 90.49</gx:coord>
        <gx:coord>100.5532002 36.1354339 90.45</gx:coord>
        <gx:coord>100.5532669 36.1354339 90.41</gx:coord>
        <gx:coord>100.5533335 36.1354339 90.37</gx:coord>
        <gx:coord>100.5534002 36.1354339 90.33</gx:coord>
        <gx:coord>100.5534669 36.1354339 90.29</gx:coord>
        <gx:coord>100.5535336 36.1354339 90.24</gx:coord>
        <gx:coord>100.5536002 36.1354339 90.20</gx:coord>
        <gx:coord>100.5536669 36.1354339 90.16</gx:coord>
        <gx:coord>100.5537336 36.1354339 90.12</gx:coord>
        <gx:coord>100.5538003 36.1354339 90.08</gx:coord>
        <gx:coord>100.5538670 36.1354339 90.03</gx:coord>
        <gx:coord>100.5539336 36.1354339 89.99</gx:coord>
        <gx:coord>100.5540003 36.1354339 89.95</gx:coord>
        <gx:coord>100.5540670 36.1354339 89.90</gx:coord>
        <gx:coord>100.5541337 36.1354339 89.86</gx:coord>
        <gx:coord>100.5542003 36.1354339 89.81</gx:coord>
        <gx:coord>100.5542670 36.1354339 89.77</gx:coord>
        <gx:coord>100.5543337 36.1354339 89.73</gx:coord>
        <gx:coord>100.5544004 36.1354339 89.68</gx:coord>
        <gx:coord>100.5544670 36.1354339 89.64</gx:coord>
        <gx:coord>100.5545337 36.1354339 89.59</gx:coord>
        <gx:coord>100.5546004 36.1354339 89.55</gx:coord>
        <gx:coord>100.5546671 36.1354339 89.51</gx:coord>
        <gx:coord>100.5547338 36.1354339 89.46</gx:coord>
        <gx:coord>100.5548004 36.1354339 89.42</gx:coord>
        <gx:coord>100.5548671 36.1354339 89.38</gx:coord>
        <gx:coord>100.5549338 36.1354339 89.33</gx:coord>
        <gx:coord>100.5550005 36.1354339 89.29</gx:coord>
        <gx:coord>100.5550671 36.1354339 89.25</gx:coord>
        <gx:coord>100.5551338 36.1354339 89.21</gx:coord>
        <gx:coord>100.5552005 36.1354339 89.17</gx:coord>
        <gx:coord>100.5552672 36.1354339 89.13</gx:coord>
        <gx:coord>100.5553338 36.1354339 89.09</gx:coord>
        <gx:coord>100.5554005 36.1354339 89.05</gx:coord>
        <gx:coord>100.5554672 36.1354339 89.01</gx:coord>
        <gx:coord>100.5555339 36.1354339 88.97</gx:coord>
        <gx:coord>100.5556006 36.1354339 88.93</gx:coord>
        <gx:coord>100.5556672 36.1354339 88.90</gx:coord>
        <gx:coord>100.5557339 36.1354339 88.86</gx:coord>
        <gx:coord>100.5558006 36.1354339 88.83</gx:coord>
        <gx:coord>100.5558673 36.1354339 88.79</gx:coord>
        <gx:coord>100.5559339 36.1354339 88.76</gx:coord>
        <gx:coord>100.5560006 36.1354339 88.73</gx:coord>
        <gx:coord>100.5560673 36.1354339 88.70</gx:coord>
        <gx:coord>100.5561340 36.1354339 88.67</gx:coord>
        <gx:coord>100.5562006 36.1354339 88.64</gx:coord>
        <gx:coord>100.5562673 36.1354339 88.61</gx:coord>
        <gx:coord>100.5563340 36.1354339 88.59</gx:coord>
        <gx:coord>100.5564007 36.1354339 88.56</gx:coord>
        <gx:coord>100.5564674 36.1354339 88.54</gx:coord>
        <gx:coord>100.5565340 36.1354339 88.52</gx:coord>
        <gx:coord>100.5566007 36.1354339 88.50</gx:coord>
        <gx:coord>100.5566674 36.1354339 88.48</gx:coord>
        <gx:coord>100.5567341 36.1354339 88.46</gx:coord>
        <gx:coord>100.5568007 36.1354339 88.44</gx:coord>
        <gx:coord>100.5568674 36.1354339 88.43</gx:coord>
        <gx:coord>100.5569341 36.1354339 88.41</gx:coord>
        <gx:coord>100.5569689 36.1354364 88.41</gx:coord>
        <gx:coord>100.5570026 36.1354437 88.40</gx:coord>
        <gx:coord>100.5570342 36.1354556 88.40</gx:coord>
        <gx:coord>100.5570628 36.1354717 88.39</gx:coord>
        <gx:coord>100.5570875 36.1354917 88.39</gx:coord>
        <gx:coord>100.5571075 36.1355148 88.38</gx:coord>
        <gx:coord>100.5571222 36.1355403 88.38</gx:coord>
        <gx:coord>100.5571313 36.1355675 88.38</gx:coord>
        <gx:coord>100.5571343 36.1355956 88.37</gx:coord>
        <gx:coord>100.5571313 36.1356237 88.37</gx:coord>
        <gx:coord>100.5571222 36.1356509 88.37</gx:coord>
        <gx:coord>100.5571075 36.1356765 88.37</gx:coord>
        <gx:coord>100.5570875 36.1356996 88.37</gx:coord>
        <gx:coord>100.5570628 36.1357195 88.37</gx:coord>
        <gx:coord>100.5570342 36.1357356 88.37</gx:coord>
        <gx:coord>100.5570026 36.1357476 88.37</gx:coord>
        <gx:coord>100.5569689 36.1357549 88.37</gx:coord>
        <gx:coord>100.5569341 36.1357573 88.37</gx:coord>
        <gx:coord>100.5568674 36.1357573 88.38</gx:coord>
        <gx:coord>100.5568007 36.1357573 88.38</gx:coord>
        <gx:coord>100.5567341 36.1357573 88.39</gx:coord>
        <gx:coord>100.5566674 36.1357573 88.40</gx:coord>
        <gx:coord>100.5566007 36.1357573 88.42</gx:coord>
        <gx:coord>100.5565340 36.1357573 88.43</gx:coord>
        <gx:coord>100.5564674 36.1357573 88.45</gx:coord>
        <gx:coord>100.5564007 36.1357573 88.47</gx:coord>
        <gx:coord>100.5563340 36.1357573 88.49</gx:coord>
        <gx:coord>100.5562673 36.1357573 88.51</gx:coord>
        <gx:coord>100.5562006 36.1357573 88.54</gx:coord>
        <gx:coord>100.5561340 36.1357573 88.57</gx:coord>
        <gx:coord>100.5560673 36.1357573 88.60</gx:coord>
        <gx:coord>100.5560006 36.1357573 88.63</gx:coord>
        <gx:coord>100.5559339 36.1357573 88.66</gx:coord>
        <gx:coord>100.5558673 36.1357573 88.70</gx:coord>
        <gx:coord>100.5558006 36.1357573 88.74</gx:coord>
        <gx:coord>100.5557339 36.1357573 88.78</gx:coord>
        <gx:coord>100.5556672 36.1357573 88.82</gx:coord>
        <gx:coord>100.5556006 36.1357573 88.87</gx:coord>
        <gx:coord>100.5555339 36.1357573 88.92</gx:coord>
        <gx:coord>100.5554672 36.1357573 88.97</gx:coord>
        <gx:coord>100.5554005 36.1357573 89.02</gx:coord>
        <gx:coord>100.5553338 36.1357573 89.07</gx:coord>
        <gx:coord>100.5552672 36.1357573 89.13</gx:coord>
        <gx:coord>100.5552005 36.1357573 89.19</gx:coord>
        <gx:coord>100.5551338 36.1357573 89.25</gx:coord>
        <gx:coord>100.5550671 36.1357573 89.31</gx:coord>
        <gx:coord>100.5550005 36.1357573 89.38</gx:coord>
        <gx:coord>100.5549338 36.1357573 89.44</gx:coord>
        <gx:coord>100.5548671 36.1357573 89.51</gx:coord>
        <gx:coord>100.5548004 36.1357573 89.59</gx:coord>
        <gx:coord>100.5547337 36.1357573 89.66</gx:coord>
        <gx:coord>100.5546671 36.1357573 89.74</gx:coord>
        <gx:coord>100.5546004 36.1357573 89.82</gx:coord>
        <gx:coord>100.5545337 36.1357573 89.90</gx:coord>
        <gx:coord>100.5544670 36.1357573 89.98</gx:coord>
        <gx:coord>100.5544004 36.1357573 90.07</gx:coord>
        <gx:coord>100.5543337 36.1357573 90.15</gx:coord>
        <gx:coord>100.5542670 36.1357573 90.24</gx:coord>
        <gx:coord>100.5542003 36.1357573 90.33</gx:coord>
        <gx:coord>100.5541337 36.1357573 90.43</gx:coord>
        <gx:coord>100.5540670 36.1357573 90.52</gx:coord>
        <gx:coord>100.5540003 36.1357573 90.62</gx:coord>
        <gx:coord>100.5539336 36.1357573 90.72</gx:coord>
        <gx:coord>100.5538669 36.1357573 90.82</gx:coord>
        <gx:coord>100.5538003 36.1357573 90.92</gx:coord>
        <gx:coord>100.5537336 36.1357573 91.03</gx:coord>
        <gx:coord>100.5536669 36.1357573 91.14</gx:coord>
        <gx:coord>100.5536002 36.1357573 91.24</gx:coord>
        <gx:coord>100.5535336 36.1357573 91.35</gx:coord>
        <gx:coord>100.5534669 36.1357573 91.47</gx:coord>
        <gx:coord>100.5534002 36.1357573 91.58</gx:coord>
        <gx:coord>100.5533335 36.1357573 91.70</gx:coord>
        <gx:coord>100.5532669 36.1357573 91.81</gx:coord>
        <gx:coord>100.5532002 36.1357573 91.93</gx:coord>
        <gx:coord>100.5531335 36.1357573 92.05</gx:coord>
        <gx:coord>100.5530668 36.1357573 92.17</gx:coord>
        <gx:coord>100.5530001 36.1357573 92.30</gx:coord>
        <gx:coord>100.5529335 36.1357573 92.42</gx:coord>
        <gx:coord>100.5528668 36.1357573 92.55</gx:coord>
        <gx:coord>100.5528001 36.1357573 92.68</gx:coord>
        <gx:coord>100.5527334 36.1357573 92.80</gx:coord>
        <gx:coord>100.5526668 36.1357573 92.93</gx:coord>
        <gx:coord>100.5526001 36.1357573 93.07</gx:coord>
        <gx:coord>100.5525334 36.1357573 93.20</gx:coord>
        <gx:coord>100.5524667 36.1357573 93.33</gx:coord>
        <gx:coord>100.5524000 36.1357573 93.47</gx:coord>
        <gx:coord>100.5523334 36.1357573 93.60</gx:coord>
        <gx:coord>100.5522667 36.1357573 93.74</gx:coord>
        <gx:coord>100.5522000 36.1357573 93.87</gx:coord>
        <gx:coord>100.5521333 36.1357573 94.01</gx:coord>
        <gx:coord>100.5520667 36.1357573 94.15</gx:coord>
        <gx:coord>100.5520000 36.1357573 94.29</gx:coord>
        <gx:coord>100.5519333 36.1357573 94.43</gx:coord>
        <gx:coord>100.5518666 36.1357573 94.57</gx:coord>
        <gx:coord>100.5518000 36.1357573 94.71</gx:coord>
        <gx:coord>100.5517333 36.1357573 94.85</gx:coord>
        <gx:coord>100.5516666 36.1357573 95.00</gx:coord>
        <gx:coord>100.5515999 36.1357573 95.14</gx:coord>
        <gx:coord>100.5515332 36.1357573 95.28</gx:coord>
        <gx:coord>100.5514666 36.1357573 95.43</gx:coord>
        <gx:coord>100.5513999 36.1357573 95.57</gx:coord>
        <gx:coord>100.5513332 36.1357573 95.71</gx:coord>
        <gx:coord>100.5512665 36.1357573 95.86</gx:coord>
        <gx:coord>100.5511999 36.1357573 96.00</gx:coord>
      </gx:Track>
    </Placemark>
  </Document>
</kml>
