<?xml version="1.0" encoding="UTF-8"?>
<gpx version="1.1" creator="drone-inspection-sample"
  xmlns="http://www.topografix.com/GPX/1/1">
  <metadata>
    <name>龙羊峡水光互补光伏电站 · 架次 LYX-2026-0618-03</name>
    <desc>青海省海南州共和县塔拉滩 A 区合成巡检航线。ele 为相对地面高度（米），time 为 UTC。</desc>
    <time>2026-06-18T01:06:00Z</time>
  </metadata>
  <trk>
    <name>龙羊峡水光互补光伏电站 · 架次 LYX-2026-0618-03</name>
    <desc>塔拉滩 A 区往复航线，覆盖约十二条组串巡检带。</desc>
    <trkseg>
      <trkpt lat="36.1322000" lon="100.5512000"><ele>96.00</ele><time>2026-06-18T01:06:00Z</time></trkpt>
      <trkpt lat="36.1322000" lon="100.5512667"><ele>96.14</ele><time>2026-06-18T01:06:01Z</time></trkpt>
      <trkpt lat="36.1322000" lon="100.5513333"><ele>96.29</ele><time>2026-06-18T01:06:02Z</time></trkpt>
      <trkpt lat="36.1322000" lon="100.5514000"><ele>96.43</ele><time>2026-06-18T01:06:03Z</time></trkpt>
      <trkpt lat="36.1322000" lon="100.5514667"><ele>96.57</ele><time>2026-06-18T01:06:05Z</time></trkpt>
      <trkpt lat="36.1322000" lon="100.5515334"><ele>96.72</ele><time>2026-06-18T01:06:06Z</time></trkpt>
      <trkpt lat="36.1322000" lon="100.5516000"><ele>96.86</ele><time>2026-06-18T01:06:07Z</time></trkpt>
      <trkpt lat="36.1322000" lon="100.5516667"><ele>97.00</ele><time>2026-06-18T01:06:08Z</time></trkpt>
      <trkpt lat="36.1322000" lon="100.5517334"><ele>97.15</ele><time>2026-06-18T01:06:10Z</time></trkpt>
      <trkpt lat="36.1322000" lon="100.5518001"><ele>97.29</ele><time>2026-06-18T01:06:11Z</time></trkpt>
      <trkpt lat="36.1322000" lon="100.5518667"><ele>97.43</ele><time>2026-06-18T01:06:12Z</time></trkpt>
      <trkpt lat="36.1322000" lon="100.5519334"><ele>97.57</ele><time>2026-06-18T01:06:13Z</time></trkpt>
      <trkpt lat="36.1322000" lon="100.5520001"><ele>97.71</ele><time>2026-06-18T01:06:15Z</time></trkpt>
      <trkpt lat="36.1322000" lon="100.5520668"><ele>97.85</ele><time>2026-06-18T01:06:16Z</time></trkpt>
      <trkpt lat="36.1322000" lon="100.5521334"><ele>97.99</ele><time>2026-06-18T01:06:17Z</time></trkpt>
      <trkpt lat="36.1322000" lon="100.5522001"><ele>98.13</ele><time>2026-06-18T01:06:19Z</time></trkpt>
      <trkpt lat="36.1322000" lon="100.5522668"><ele>98.26</ele><time>2026-06-18T01:06:20Z</time></trkpt>
      <trkpt lat="36.1322000" lon="100.5523335"><ele>98.40</ele><time>2026-06-18T01:06:21Z</time></trkpt>
      <trkpt lat="36.1322000" lon="100.5524001"><ele>98.53</ele><time>2026-06-18T01:06:22Z</time></trkpt>
      <trkpt lat="36.1322000" lon="100.5524668"><ele>98.67</ele><time>2026-06-18T01:06:24Z</time></trkpt>
      <trkpt lat="36.1322000" lon="100.5525335"><ele>98.80</ele><time>2026-06-18T01:06:25Z</time></trkpt>
      <trkpt lat="36.1322000" lon="100.5526002"><ele>98.93</ele><time>2026-06-18T01:06:26Z</time></trkpt>
      <trkpt lat="36.1322000" lon="100.5526668"><ele>99.07</ele><time>2026-06-18T01:06:27Z</time></trkpt>
      <trkpt lat="36.1322000" lon="100.5527335"><ele>99.20</ele><time>2026-06-18T01:06:29Z</time></trkpt>
      <trkpt lat="36.1322000" lon="100.5528002"><ele>99.32</ele><time>2026-06-18T01:06:30Z</time></trkpt>
      <trkpt lat="36.1322000" lon="100.5528669"><ele>99.45</ele><time>2026-06-18T01:06:31Z</time></trkpt>
      <trkpt lat="36.1322000" lon="100.5529335"><ele>99.58</ele><time>2026-06-18T01:06:32Z</time></trkpt>
      <trkpt lat="36.1322000" lon="100.5530002"><ele>99.70</ele><time>2026-06-18T01:06:34Z</time></trkpt>
      <trkpt lat="36.1322000" lon="100.5530669"><ele>99.83</ele><time>2026-06-18T01:06:35Z</time></trkpt>
      <trkpt lat="36.1322000" lon="100.5531336"><ele>99.95</ele><time>2026-06-18T01:06:36Z</time></trkpt>
      <trkpt lat="36.1322000" lon="100.5532002"><ele>100.07</ele><time>2026-06-18T01:06:38Z</time></trkpt>
      <trkpt lat="36.1322000" lon="100.5532669"><ele>100.19</ele><time>2026-06-18T01:06:39Z</time></trkpt>
      <trkpt lat="36.1322000" lon="100.5533336"><ele>100.30</ele><time>2026-06-18T01:06:40Z</time></trkpt>
      <trkpt lat="36.1322000" lon="100.5534002"><ele>100.42</ele><time>2026-06-18T01:06:41Z</time></trkpt>
      <trkpt lat="36.1322000" lon="100.5534669"><ele>100.53</ele><time>2026-06-18T01:06:43Z</time></trkpt>
      <trkpt lat="36.1322000" lon="100.5535336"><ele>100.65</ele><time>2026-06-18T01:06:44Z</time></trkpt>
      <trkpt lat="36.1322000" lon="100.5536003"><ele>100.76</ele><time>2026-06-18T01:06:45Z</time></trkpt>
      <trkpt lat="36.1322000" lon="100.5536669"><ele>100.86</ele><time>2026-06-18T01:06:46Z</time></trkpt>
      <trkpt lat="36.1322000" lon="100.5537336"><ele>100.97</ele><time>2026-06-18T01:06:48Z</time></trkpt>
      <trkpt lat="36.1322000" lon="100.5538003"><ele>101.08</ele><time>2026-06-18T01:06:49Z</time></trkpt>
      <trkpt lat="36.1322000" lon="100.5538670"><ele>101.18</ele><time>2026-06-18T01:06:50Z</time></trkpt>
      <trkpt lat="36.1322000" lon="100.5539336"><ele>101.28</ele><time>2026-06-18T01:06:51Z</time></trkpt>
      <trkpt lat="36.1322000" lon="100.5540003"><ele>101.38</ele><time>2026-06-18T01:06:53Z</time></trkpt>
      <trkpt lat="36.1322000" lon="100.5540670"><ele>101.48</ele><time>2026-06-18T01:06:54Z</time></trkpt>
      <trkpt lat="36.1322000" lon="100.5541337"><ele>101.57</ele><time>2026-06-18T01:06:55Z</time></trkpt>
      <trkpt lat="36.1322000" lon="100.5542003"><ele>101.67</ele><time>2026-06-18T01:06:57Z</time></trkpt>
      <trkpt lat="36.1322000" lon="100.5542670"><ele>101.76</ele><time>2026-06-18T01:06:58Z</time></trkpt>
      <trkpt lat="36.1322000" lon="100.5543337"><ele>101.85</ele><time>2026-06-18T01:06:59Z</time></trkpt>
      <trkpt lat="36.1322000" lon="100.5544004"><ele>101.93</ele><time>2026-06-18T01:07:00Z</time></trkpt>
      <trkpt lat="36.1322000" lon="100.5544670"><ele>102.02</ele><time>2026-06-18T01:07:02Z</time></trkpt>
      <trkpt lat="36.1322000" lon="100.5545337"><ele>102.10</ele><time>2026-06-18T01:07:03Z</time></trkpt>
      <trkpt lat="36.1322000" lon="100.5546004"><ele>102.18</ele><time>2026-06-18T01:07:04Z</time></trkpt>
      <trkpt lat="36.1322000" lon="100.5546671"><ele>102.26</ele><time>2026-06-18T01:07:05Z</time></trkpt>
      <trkpt lat="36.1322000" lon="100.5547337"><ele>102.34</ele><time>2026-06-18T01:07:07Z</time></trkpt>
      <trkpt lat="36.1322000" lon="100.5548004"><ele>102.41</ele><time>2026-06-18T01:07:08Z</time></trkpt>
      <trkpt lat="36.1322000" lon="100.5548671"><ele>102.49</ele><time>2026-06-18T01:07:09Z</time></trkpt>
      <trkpt lat="36.1322000" lon="100.5549338"><ele>102.56</ele><time>2026-06-18T01:07:11Z</time></trkpt>
      <trkpt lat="36.1322000" lon="100.5550004"><ele>102.62</ele><time>2026-06-18T01:07:12Z</time></trkpt>
      <trkpt lat="36.1322000" lon="100.5550671"><ele>102.69</ele><time>2026-06-18T01:07:13Z</time></trkpt>
      <trkpt lat="36.1322000" lon="100.5551338"><ele>102.75</ele><time>2026-06-18T01:07:14Z</time></trkpt>
      <trkpt lat="36.1322000" lon="100.5552004"><ele>102.81</ele><time>2026-06-18T01:07:16Z</time></trkpt>
      <trkpt lat="36.1322000" lon="100.5552671"><ele>102.87</ele><time>2026-06-18T01:07:17Z</time></trkpt>
      <trkpt lat="36.1322000" lon="100.5553338"><ele>102.93</ele><time>2026-06-18T01:07:18Z</time></trkpt>
      <trkpt lat="36.1322000" lon="100.5554005"><ele>102.98</ele><time>2026-06-18T01:07:19Z</time></trkpt>
      <trkpt lat="36.1322000" lon="100.5554671"><ele>103.03</ele><time>2026-06-18T01:07:21Z</time></trkpt>
      <trkpt lat="36.1322000" lon="100.5555338"><ele>103.08</ele><time>2026-06-18T01:07:22Z</time></trkpt>
      <trkpt lat="36.1322000" lon="100.5556005"><ele>103.13</ele><time>2026-06-18T01:07:23Z</time></trkpt>
      <trkpt lat="36.1322000" lon="100.5556672"><ele>103.18</ele><time>2026-06-18T01:07:24Z</time></trkpt>
      <trkpt lat="36.1322000" lon="100.5557338"><ele>103.22</ele><time>2026-06-18T01:07:26Z</time></trkpt>
      <trkpt lat="36.1322000" lon="100.5558005"><ele>103.26</ele><time>2026-06-18T01:07:27Z</time></trkpt>
      <trkpt lat="36.1322000" lon="100.5558672"><ele>103.30</ele><time>2026-06-18T01:07:28Z</time></trkpt>
      <trkpt lat="36.1322000" lon="100.5559339"><ele>103.34</ele><time>2026-06-18T01:07:30Z</time></trkpt>
      <trkpt lat="36.1322000" lon="100.5560005"><ele>103.37</ele><time>2026-06-18T01:07:31Z</time></trkpt>
      <trkpt lat="36.1322000" lon="100.5560672"><ele>103.40</ele><time>2026-06-18T01:07:32Z</time></trkpt>
      <trkpt lat="36.1322000" lon="100.5561339"><ele>103.43</ele><time>2026-06-18T01:07:33Z</time></trkpt>
      <trkpt lat="36.1322000" lon="100.5562006"><ele>103.46</ele><time>2026-06-18T01:07:35Z</time></trkpt>
      <trkpt lat="36.1322000" lon="100.5562672"><ele>103.49</ele><time>2026-06-18T01:07:36Z</time></trkpt>
      <trkpt lat="36.1322000" lon="100.5563339"><ele>103.51</ele><time>2026-06-18T01:07:37Z</time></trkpt>
      <trkpt lat="36.1322000" lon="100.5564006"><ele>103.53</ele><time>2026-06-18T01:07:38Z</time></trkpt>
      <trkpt lat="36.1322000" lon="100.5564673"><ele>103.55</ele><time>2026-06-18T01:07:40Z</time></trkpt>
      <trkpt lat="36.1322000" lon="100.5565339"><ele>103.57</ele><time>2026-06-18T01:07:41Z</time></trkpt>
      <trkpt lat="36.1322000" lon="100.5566006"><ele>103.58</ele><time>2026-06-18T01:07:42Z</time></trkpt>
      <trkpt lat="36.1322000" lon="100.5566673"><ele>103.60</ele><time>2026-06-18T01:07:43Z</time></trkpt>
      <trkpt lat="36.1322000" lon="100.5567340"><ele>103.61</ele><time>2026-06-18T01:07:45Z</time></trkpt>
      <trkpt lat="36.1322000" lon="100.5568006"><ele>103.62</ele><time>2026-06-18T01:07:46Z</time></trkpt>
      <trkpt lat="36.1322000" lon="100.5568673"><ele>103.62</ele><time>2026-06-18T01:07:47Z</time></trkpt>
      <trkpt lat="36.1322000" lon="100.5569340"><ele>103.63</ele><time>2026-06-18T01:07:49Z</time></trkpt>
      <trkpt lat="36.1322025" lon="100.5569687"><ele>103.63</ele><time>2026-06-18T01:07:49Z</time></trkpt>
      <trkpt lat="36.1322098" lon="100.5570025"><ele>103.63</ele><time>2026-06-18T01:07:50Z</time></trkpt>
      <trkpt lat="36.1322217" lon="100.5570341"><ele>103.63</ele><time>2026-06-18T01:07:51Z</time></trkpt>
      <trkpt lat="36.1322378" lon="100.5570627"><ele>103.63</ele><time>2026-06-18T01:07:51Z</time></trkpt>
      <trkpt lat="36.1322578" lon="100.5570873"><ele>103.63</ele><time>2026-06-18T01:07:52Z</time></trkpt>
      <trkpt lat="36.1322808" lon="100.5571074"><ele>103.63</ele><time>2026-06-18T01:07:53Z</time></trkpt>
      <trkpt lat="36.1323064" lon="100.5571221"><ele>103.63</ele><time>2026-06-18T01:07:53Z</time></trkpt>
      <trkpt lat="36.1323336" lon="100.5571311"><ele>103.63</ele><time>2026-06-18T01:07:54Z</time></trkpt>
      <trkpt lat="36.1323617" lon="100.5571342"><ele>103.63</ele><time>2026-06-18T01:07:55Z</time></trkpt>
      <trkpt lat="36.1323898" lon="100.5571311"><ele>103.62</ele><time>2026-06-18T01:07:55Z</time></trkpt>
      <trkpt lat="36.1324170" lon="100.5571221"><ele>103.62</ele><time>2026-06-18T01:07:56Z</time></trkpt>
      <trkpt lat="36.1324425" lon="100.5571074"><ele>103.62</ele><time>2026-06-18T01:07:57Z</time></trkpt>
      <trkpt lat="36.1324656" lon="100.5570873"><ele>103.61</ele><time>2026-06-18T01:07:57Z</time></trkpt>
      <trkpt lat="36.1324856" lon="100.5570627"><ele>103.61</ele><time>2026-06-18T01:07:58Z</time></trkpt>
      <trkpt lat="36.1325017" lon="100.5570341"><ele>103.60</ele><time>2026-06-18T01:07:59Z</time></trkpt>
      <trkpt lat="36.1325136" lon="100.5570025"><ele>103.60</ele><time>2026-06-18T01:07:59Z</time></trkpt>
      <trkpt lat="36.1325209" lon="100.5569687"><ele>103.59</ele><time>2026-06-18T01:08:00Z</time></trkpt>
      <trkpt lat="36.1325234" lon="100.5569340"><ele>103.59</ele><time>2026-06-18T01:08:00Z</time></trkpt>
      <trkpt lat="36.1325234" lon="100.5568673"><ele>103.57</ele><time>2026-06-18T01:08:02Z</time></trkpt>
      <trkpt lat="36.1325234" lon="100.5568006"><ele>103.56</ele><time>2026-06-18T01:08:03Z</time></trkpt>
      <trkpt lat="36.1325234" lon="100.5567340"><ele>103.54</ele><time>2026-06-18T01:08:04Z</time></trkpt>
      <trkpt lat="36.1325234" lon="100.5566673"><ele>103.52</ele><time>2026-06-18T01:08:06Z</time></trkpt>
      <trkpt lat="36.1325234" lon="100.5566006"><ele>103.50</ele><time>2026-06-18T01:08:07Z</time></trkpt>
      <trkpt lat="36.1325234" lon="100.5565339"><ele>103.48</ele><time>2026-06-18T01:08:08Z</time></trkpt>
      <trkpt lat="36.1325234" lon="100.5564673"><ele>103.46</ele><time>2026-06-18T01:08:09Z</time></trkpt>
      <trkpt lat="36.1325234" lon="100.5564006"><ele>103.44</ele><time>2026-06-18T01:08:11Z</time></trkpt>
      <trkpt lat="36.1325234" lon="100.5563339"><ele>103.41</ele><time>2026-06-18T01:08:12Z</time></trkpt>
      <trkpt lat="36.1325234" lon="100.5562672"><ele>103.39</ele><time>2026-06-18T01:08:13Z</time></trkpt>
      <trkpt lat="36.1325234" lon="100.5562006"><ele>103.36</ele><time>2026-06-18T01:08:14Z</time></trkpt>
      <trkpt lat="36.1325234" lon="100.5561339"><ele>103.33</ele><time>2026-06-18T01:08:16Z</time></trkpt>
      <trkpt lat="36.1325234" lon="100.5560672"><ele>103.30</ele><time>2026-06-18T01:08:17Z</time></trkpt>
      <trkpt lat="36.1325234" lon="100.5560005"><ele>103.27</ele><time>2026-06-18T01:08:18Z</time></trkpt>
      <trkpt lat="36.1325234" lon="100.5559339"><ele>103.24</ele><time>2026-06-18T01:08:20Z</time></trkpt>
      <trkpt lat="36.1325234" lon="100.5558672"><ele>103.21</ele><time>2026-06-18T01:08:21Z</time></trkpt>
      <trkpt lat="36.1325234" lon="100.5558005"><ele>103.17</ele><time>2026-06-18T01:08:22Z</time></trkpt>
      <trkpt lat="36.1325234" lon="100.5557338"><ele>103.14</ele><time>2026-06-18T01:08:23Z</time></trkpt>
      <trkpt lat="36.1325234" lon="100.5556672"><ele>103.10</ele><time>2026-06-18T01:08:25Z</time></trkpt>
      <trkpt lat="36.1325234" lon="100.5556005"><ele>103.07</ele><time>2026-06-18T01:08:26Z</time></trkpt>
      <trkpt lat="36.1325234" lon="100.5555338"><ele>103.03</ele><time>2026-06-18T01:08:27Z</time></trkpt>
      <trkpt lat="36.1325234" lon="100.5554671"><ele>102.99</ele><time>2026-06-18T01:08:28Z</time></trkpt>
      <trkpt lat="36.1325234" lon="100.5554005"><ele>102.95</ele><time>2026-06-18T01:08:30Z</time></trkpt>
      <trkpt lat="36.1325234" lon="100.5553338"><ele>102.91</ele><time>2026-06-18T01:08:31Z</time></trkpt>
      <trkpt lat="36.1325234" lon="100.5552671"><ele>102.87</ele><time>2026-06-18T01:08:32Z</time></trkpt>
      <trkpt lat="36.1325234" lon="100.5552004"><ele>102.83</ele><time>2026-06-18T01:08:33Z</time></trkpt>
      <trkpt lat="36.1325234" lon="100.5551338"><ele>102.79</ele><time>2026-06-18T01:08:35Z</time></trkpt>
      <trkpt lat="36.1325234" lon="100.5550671"><ele>102.75</ele><time>2026-06-18T01:08:36Z</time></trkpt>
      <trkpt lat="36.1325234" lon="100.5550004"><ele>102.71</ele><time>2026-06-18T01:08:37Z</time></trkpt>
      <trkpt lat="36.1325234" lon="100.5549337"><ele>102.67</ele><time>2026-06-18T01:08:39Z</time></trkpt>
      <trkpt lat="36.1325234" lon="100.5548671"><ele>102.62</ele><time>2026-06-18T01:08:40Z</time></trkpt>
      <trkpt lat="36.1325234" lon="100.5548004"><ele>102.58</ele><time>2026-06-18T01:08:41Z</time></trkpt>
      <trkpt lat="36.1325234" lon="100.5547337"><ele>102.54</ele><time>2026-06-18T01:08:42Z</time></trkpt>
      <trkpt lat="36.1325234" lon="100.5546670"><ele>102.49</ele><time>2026-06-18T01:08:44Z</time></trkpt>
      <trkpt lat="36.1325234" lon="100.5546004"><ele>102.45</ele><time>2026-06-18T01:08:45Z</time></trkpt>
      <trkpt lat="36.1325234" lon="100.5545337"><ele>102.41</ele><time>2026-06-18T01:08:46Z</time></trkpt>
      <trkpt lat="36.1325234" lon="100.5544670"><ele>102.36</ele><time>2026-06-18T01:08:47Z</time></trkpt>
      <trkpt lat="36.1325234" lon="100.5544003"><ele>102.32</ele><time>2026-06-18T01:08:49Z</time></trkpt>
      <trkpt lat="36.1325234" lon="100.5543337"><ele>102.27</ele><time>2026-06-18T01:08:50Z</time></trkpt>
      <trkpt lat="36.1325234" lon="100.5542670"><ele>102.23</ele><time>2026-06-18T01:08:51Z</time></trkpt>
      <trkpt lat="36.1325234" lon="100.5542003"><ele>102.19</ele><time>2026-06-18T01:08:52Z</time></trkpt>
      <trkpt lat="36.1325234" lon="100.5541337"><ele>102.14</ele><time>2026-06-18T01:08:54Z</time></trkpt>
      <trkpt lat="36.1325234" lon="100.5540670"><ele>102.10</ele><time>2026-06-18T01:08:55Z</time></trkpt>
      <trkpt lat="36.1325234" lon="100.5540003"><ele>102.05</ele><time>2026-06-18T01:08:56Z</time></trkpt>
      <trkpt lat="36.1325234" lon="100.5539336"><ele>102.01</ele><time>2026-06-18T01:08:58Z</time></trkpt>
      <trkpt lat="36.1325234" lon="100.5538670"><ele>101.97</ele><time>2026-06-18T01:08:59Z</time></trkpt>
      <trkpt lat="36.1325234" lon="100.5538003"><ele>101.92</ele><time>2026-06-18T01:09:00Z</time></trkpt>
      <trkpt lat="36.1325234" lon="100.5537336"><ele>101.88</ele><time>2026-06-18T01:09:01Z</time></trkpt>
      <trkpt lat="36.1325234" lon="100.5536669"><ele>101.84</ele><time>2026-06-18T01:09:03Z</time></trkpt>
      <trkpt lat="36.1325234" lon="100.5536003"><ele>101.80</ele><time>2026-06-18T01:09:04Z</time></trkpt>
      <trkpt lat="36.1325234" lon="100.5535336"><ele>101.76</ele><time>2026-06-18T01:09:05Z</time></trkpt>
      <trkpt lat="36.1325234" lon="100.5534669"><ele>101.71</ele><time>2026-06-18T01:09:06Z</time></trkpt>
      <trkpt lat="36.1325234" lon="100.5534002"><ele>101.67</ele><time>2026-06-18T01:09:08Z</time></trkpt>
      <trkpt lat="36.1325234" lon="100.5533336"><ele>101.63</ele><time>2026-06-18T01:09:09Z</time></trkpt>
      <trkpt lat="36.1325234" lon="100.5532669"><ele>101.59</ele><time>2026-06-18T01:09:10Z</time></trkpt>
      <trkpt lat="36.1325234" lon="100.5532002"><ele>101.55</ele><time>2026-06-18T01:09:12Z</time></trkpt>
      <trkpt lat="36.1325234" lon="100.5531335"><ele>101.51</ele><time>2026-06-18T01:09:13Z</time></trkpt>
      <trkpt lat="36.1325234" lon="100.5530669"><ele>101.48</ele><time>2026-06-18T01:09:14Z</time></trkpt>
      <trkpt lat="36.1325234" lon="100.5530002"><ele>101.44</ele><time>2026-06-18T01:09:15Z</time></trkpt>
      <trkpt lat="36.1325234" lon="100.5529335"><ele>101.40</ele><time>2026-06-18T01:09:17Z</time></trkpt>
      <trkpt lat="36.1325234" lon="100.5528668"><ele>101.37</ele><time>2026-06-18T01:09:18Z</time></trkpt>
      <trkpt lat="36.1325234" lon="100.5528002"><ele>101.33</ele><time>2026-06-18T01:09:19Z</time></trkpt>
      <trkpt lat="36.1325234" lon="100.5527335"><ele>101.29</ele><time>2026-06-18T01:09:20Z</time></trkpt>
      <trkpt lat="36.1325234" lon="100.5526668"><ele>101.26</ele><time>2026-06-18T01:09:22Z</time></trkpt>
      <trkpt lat="36.1325234" lon="100.5526001"><ele>101.23</ele><time>2026-06-18T01:09:23Z</time></trkpt>
      <trkpt lat="36.1325234" lon="100.5525335"><ele>101.19</ele><time>2026-06-18T01:09:24Z</time></trkpt>
      <trkpt lat="36.1325234" lon="100.5524668"><ele>101.16</ele><time>2026-06-18T01:09:25Z</time></trkpt>
      <trkpt lat="36.1325234" lon="100.5524001"><ele>101.13</ele><time>2026-06-18T01:09:27Z</time></trkpt>
      <trkpt lat="36.1325234" lon="100.5523334"><ele>101.10</ele><time>2026-06-18T01:09:28Z</time></trkpt>
      <trkpt lat="36.1325234" lon="100.5522668"><ele>101.07</ele><time>2026-06-18T01:09:29Z</time></trkpt>
      <trkpt lat="36.1325234" lon="100.5522001"><ele>101.04</ele><time>2026-06-18T01:09:31Z</time></trkpt>
      <trkpt lat="36.1325234" lon="100.5521334"><ele>101.01</ele><time>2026-06-18T01:09:32Z</time></trkpt>
      <trkpt lat="36.1325234" lon="100.5520667"><ele>100.98</ele><time>2026-06-18T01:09:33Z</time></trkpt>
      <trkpt lat="36.1325234" lon="100.5520001"><ele>100.96</ele><time>2026-06-18T01:09:34Z</time></trkpt>
      <trkpt lat="36.1325234" lon="100.5519334"><ele>100.93</ele><time>2026-06-18T01:09:36Z</time></trkpt>
      <trkpt lat="36.1325234" lon="100.5518667"><ele>100.91</ele><time>2026-06-18T01:09:37Z</time></trkpt>
      <trkpt lat="36.1325234" lon="100.5518000"><ele>100.88</ele><time>2026-06-18T01:09:38Z</time></trkpt>
      <trkpt lat="36.1325234" lon="100.5517334"><ele>100.86</ele><time>2026-06-18T01:09:39Z</time></trkpt>
      <trkpt lat="36.1325234" lon="100.5516667"><ele>100.84</ele><time>2026-06-18T01:09:41Z</time></trkpt>
      <trkpt lat="36.1325234" lon="100.5516000"><ele>100.81</ele><time>2026-06-18T01:09:42Z</time></trkpt>
      <trkpt lat="36.1325234" lon="100.5515333"><ele>100.79</ele><time>2026-06-18T01:09:43Z</time></trkpt>
      <trkpt lat="36.1325234" lon="100.5514667"><ele>100.77</ele><time>2026-06-18T01:09:44Z</time></trkpt>
      <trkpt lat="36.1325234" lon="100.5514000"><ele>100.75</ele><time>2026-06-18T01:09:46Z</time></trkpt>
      <trkpt lat="36.1325234" lon="100.5513333"><ele>100.73</ele><time>2026-06-18T01:09:47Z</time></trkpt>
      <trkpt lat="36.1325234" lon="100.5512667"><ele>100.72</ele><time>2026-06-18T01:09:48Z</time></trkpt>
      <trkpt lat="36.1325234" lon="100.5512000"><ele>100.70</ele><time>2026-06-18T01:09:50Z</time></trkpt>
      <trkpt lat="36.1325258" lon="100.5511652"><ele>100.69</ele><time>2026-06-18T01:09:50Z</time></trkpt>
      <trkpt lat="36.1325331" lon="100.5511315"><ele>100.68</ele><time>2026-06-18T01:09:51Z</time></trkpt>
      <trkpt lat="36.1325451" lon="100.5510999"><ele>100.67</ele><time>2026-06-18T01:09:52Z</time></trkpt>
      <trkpt lat="36.1325612" lon="100.5510713"><ele>100.67</ele><time>2026-06-18T01:09:52Z</time></trkpt>
      <trkpt lat="36.1325812" lon="100.5510466"><ele>100.66</ele><time>2026-06-18T01:09:53Z</time></trkpt>
      <trkpt lat="36.1326042" lon="100.5510266"><ele>100.65</ele><time>2026-06-18T01:09:54Z</time></trkpt>
      <trkpt lat="36.1326298" lon="100.5510118"><ele>100.64</ele><time>2026-06-18T01:09:54Z</time></trkpt>
      <trkpt lat="36.1326570" lon="100.5510028"><ele>100.64</ele><time>2026-06-18T01:09:55Z</time></trkpt>
      <trkpt lat="36.1326851" lon="100.5509998"><ele>100.63</ele><time>2026-06-18T01:09:56Z</time></trkpt>
      <trkpt lat="36.1327132" lon="100.5510028"><ele>100.62</ele><time>2026-06-18T01:09:56Z</time></trkpt>
      <trkpt lat="36.1327404" lon="100.5510118"><ele>100.61</ele><time>2026-06-18T01:09:57Z</time></trkpt>
      <trkpt lat="36.1327659" lon="100.5510266"><ele>100.61</ele><time>2026-06-18T01:09:58Z</time></trkpt>
      <trkpt lat="36.1327890" lon="100.5510466"><ele>100.60</ele><time>2026-06-18T01:09:58Z</time></trkpt>
      <trkpt lat="36.1328090" lon="100.5510713"><ele>100.60</ele><time>2026-06-18T01:09:59Z</time></trkpt>
      <trkpt lat="36.1328251" lon="100.5510999"><ele>100.59</ele><time>2026-06-18T01:10:00Z</time></trkpt>
      <trkpt lat="36.1328370" lon="100.5511315"><ele>100.58</ele><time>2026-06-18T01:10:00Z</time></trkpt>
      <trkpt lat="36.1328443" lon="100.5511652"><ele>100.58</ele><time>2026-06-18T01:10:01Z</time></trkpt>
      <trkpt lat="36.1328468" lon="100.5512000"><ele>100.57</ele><time>2026-06-18T01:10:01Z</time></trkpt>
      <trkpt lat="36.1328468" lon="100.5512667"><ele>100.56</ele><time>2026-06-18T01:10:03Z</time></trkpt>
      <trkpt lat="36.1328468" lon="100.5513333"><ele>100.55</ele><time>2026-06-18T01:10:04Z</time></trkpt>
      <trkpt lat="36.1328468" lon="100.5514000"><ele>100.55</ele><time>2026-06-18T01:10:05Z</time></trkpt>
      <trkpt lat="36.1328468" lon="100.5514667"><ele>100.54</ele><time>2026-06-18T01:10:07Z</time></trkpt>
      <trkpt lat="36.1328468" lon="100.5515333"><ele>100.53</ele><time>2026-06-18T01:10:08Z</time></trkpt>
      <trkpt lat="36.1328468" lon="100.5516000"><ele>100.52</ele><time>2026-06-18T01:10:09Z</time></trkpt>
      <trkpt lat="36.1328468" lon="100.5516667"><ele>100.52</ele><time>2026-06-18T01:10:10Z</time></trkpt>
      <trkpt lat="36.1328468" lon="100.5517334"><ele>100.51</ele><time>2026-06-18T01:10:12Z</time></trkpt>
      <trkpt lat="36.1328468" lon="100.5518000"><ele>100.51</ele><time>2026-06-18T01:10:13Z</time></trkpt>
      <trkpt lat="36.1328468" lon="100.5518667"><ele>100.50</ele><time>2026-06-18T01:10:14Z</time></trkpt>
      <trkpt lat="36.1328468" lon="100.5519334"><ele>100.50</ele><time>2026-06-18T01:10:15Z</time></trkpt>
      <trkpt lat="36.1328468" lon="100.5520001"><ele>100.49</ele><time>2026-06-18T01:10:17Z</time></trkpt>
      <trkpt lat="36.1328468" lon="100.5520667"><ele>100.49</ele><time>2026-06-18T01:10:18Z</time></trkpt>
      <trkpt lat="36.1328468" lon="100.5521334"><ele>100.48</ele><time>2026-06-18T01:10:19Z</time></trkpt>
      <trkpt lat="36.1328468" lon="100.5522001"><ele>100.48</ele><time>2026-06-18T01:10:21Z</time></trkpt>
      <trkpt lat="36.1328468" lon="100.5522668"><ele>100.48</ele><time>2026-06-18T01:10:22Z</time></trkpt>
      <trkpt lat="36.1328468" lon="100.5523334"><ele>100.47</ele><time>2026-06-18T01:10:23Z</time></trkpt>
      <trkpt lat="36.1328468" lon="100.5524001"><ele>100.47</ele><time>2026-06-18T01:10:24Z</time></trkpt>
      <trkpt lat="36.1328468" lon="100.5524668"><ele>100.47</ele><time>2026-06-18T01:10:26Z</time></trkpt>
      <trkpt lat="36.1328468" lon="100.5525335"><ele>100.47</ele><time>2026-06-18T01:10:27Z</time></trkpt>
      <trkpt lat="36.1328468" lon="100.5526001"><ele>100.46</ele><time>2026-06-18T01:10:28Z</time></trkpt>
      <trkpt lat="36.1328468" lon="100.5526668"><ele>100.46</ele><time>2026-06-18T01:10:29Z</time></trkpt>
      <trkpt lat="36.1328468" lon="100.5527335"><ele>100.46</ele><time>2026-06-18T01:10:31Z</time></trkpt>
      <trkpt lat="36.1328468" lon="100.5528002"><ele>100.46</ele><time>2026-06-18T01:10:32Z</time></trkpt>
      <trkpt lat="36.1328468" lon="100.5528668"><ele>100.45</ele><time>2026-06-18T01:10:33Z</time></trkpt>
      <trkpt lat="36.1328468" lon="100.5529335"><ele>100.45</ele><time>2026-06-18T01:10:34Z</time></trkpt>
      <trkpt lat="36.1328468" lon="100.5530002"><ele>100.45</ele><time>2026-06-18T01:10:36Z</time></trkpt>
      <trkpt lat="36.1328468" lon="100.5530669"><ele>100.45</ele><time>2026-06-18T01:10:37Z</time></trkpt>
      <trkpt lat="36.1328468" lon="100.5531335"><ele>100.44</ele><time>2026-06-18T01:10:38Z</time></trkpt>
      <trkpt lat="36.1328468" lon="100.5532002"><ele>100.44</ele><time>2026-06-18T01:10:40Z</time></trkpt>
      <trkpt lat="36.1328468" lon="100.5532669"><ele>100.43</ele><time>2026-06-18T01:10:41Z</time></trkpt>
      <trkpt lat="36.1328468" lon="100.5533336"><ele>100.43</ele><time>2026-06-18T01:10:42Z</time></trkpt>
      <trkpt lat="36.1328468" lon="100.5534002"><ele>100.43</ele><time>2026-06-18T01:10:43Z</time></trkpt>
      <trkpt lat="36.1328468" lon="100.5534669"><ele>100.42</ele><time>2026-06-18T01:10:45Z</time></trkpt>
      <trkpt lat="36.1328468" lon="100.5535336"><ele>100.42</ele><time>2026-06-18T01:10:46Z</time></trkpt>
      <trkpt lat="36.1328468" lon="100.5536003"><ele>100.41</ele><time>2026-06-18T01:10:47Z</time></trkpt>
      <trkpt lat="36.1328468" lon="100.5536669"><ele>100.40</ele><time>2026-06-18T01:10:48Z</time></trkpt>
      <trkpt lat="36.1328468" lon="100.5537336"><ele>100.40</ele><time>2026-06-18T01:10:50Z</time></trkpt>
      <trkpt lat="36.1328468" lon="100.5538003"><ele>100.39</ele><time>2026-06-18T01:10:51Z</time></trkpt>
      <trkpt lat="36.1328468" lon="100.5538670"><ele>100.38</ele><time>2026-06-18T01:10:52Z</time></trkpt>
      <trkpt lat="36.1328468" lon="100.5539336"><ele>100.37</ele><time>2026-06-18T01:10:53Z</time></trkpt>
      <trkpt lat="36.1328468" lon="100.5540003"><ele>100.36</ele><time>2026-06-18T01:10:55Z</time></trkpt>
      <trkpt lat="36.1328468" lon="100.5540670"><ele>100.35</ele><time>2026-06-18T01:10:56Z</time></trkpt>
      <trkpt lat="36.1328468" lon="100.5541337"><ele>100.34</ele><time>2026-06-18T01:10:57Z</time></trkpt>
      <trkpt lat="36.1328468" lon="100.5542003"><ele>100.33</ele><time>2026-06-18T01:10:59Z</time></trkpt>
      <trkpt lat="36.1328468" lon="100.5542670"><ele>100.32</ele><time>2026-06-18T01:11:00Z</time></trkpt>
      <trkpt lat="36.1328468" lon="100.5543337"><ele>100.30</ele><time>2026-06-18T01:11:01Z</time></trkpt>
      <trkpt lat="36.1328468" lon="100.5544004"><ele>100.29</ele><time>2026-06-18T01:11:02Z</time></trkpt>
      <trkpt lat="36.1328468" lon="100.5544670"><ele>100.27</ele><time>2026-06-18T01:11:04Z</time></trkpt>
      <trkpt lat="36.1328468" lon="100.5545337"><ele>100.26</ele><time>2026-06-18T01:11:05Z</time></trkpt>
      <trkpt lat="36.1328468" lon="100.5546004"><ele>100.24</ele><time>2026-06-18T01:11:06Z</time></trkpt>
      <trkpt lat="36.1328468" lon="100.5546671"><ele>100.22</ele><time>2026-06-18T01:11:07Z</time></trkpt>
      <trkpt lat="36.1328468" lon="100.5547337"><ele>100.20</ele><time>2026-06-18T01:11:09Z</time></trkpt>
      <trkpt lat="36.1328468" lon="100.5548004"><ele>100.18</ele><time>2026-06-18T01:11:10Z</time></trkpt>
      <trkpt lat="36.1328468" lon="100.5548671"><ele>100.16</ele><time>2026-06-18T01:11:11Z</time></trkpt>
      <trkpt lat="36.1328468" lon="100.5549338"><ele>100.13</ele><time>2026-06-18T01:11:12Z</time></trkpt>
      <trkpt lat="36.1328468" lon="100.5550004"><ele>100.11</ele><time>2026-06-18T01:11:14Z</time></trkpt>
      <trkpt lat="36.1328468" lon="100.5550671"><ele>100.08</ele><time>2026-06-18T01:11:15Z</time></trkpt>
      <trkpt lat="36.1328468" lon="100.5551338"><ele>100.05</ele><time>2026-06-18T01:11:16Z</time></trkpt>
      <trkpt lat="36.1328468" lon="100.5552005"><ele>100.03</ele><time>2026-06-18T01:11:18Z</time></trkpt>
      <trkpt lat="36.1328468" lon="100.5552671"><ele>100.00</ele><time>2026-06-18T01:11:19Z</time></trkpt>
      <trkpt lat="36.1328468" lon="100.5553338"><ele>99.96</ele><time>2026-06-18T01:11:20Z</time></trkpt>
      <trkpt lat="36.1328468" lon="100.5554005"><ele>99.93</ele><time>2026-06-18T01:11:21Z</time></trkpt>
      <trkpt lat="36.1328468" lon="100.5554672"><ele>99.90</ele><time>2026-06-18T01:11:23Z</time></trkpt>
      <trkpt lat="36.1328468" lon="100.5555338"><ele>99.86</ele><time>2026-06-18T01:11:24Z</time></trkpt>
      <trkpt lat="36.1328468" lon="100.5556005"><ele>99.82</ele><time>2026-06-18T01:11:25Z</time></trkpt>
      <trkpt lat="36.1328468" lon="100.5556672"><ele>99.79</ele><time>2026-06-18T01:11:26Z</time></trkpt>
      <trkpt lat="36.1328468" lon="100.5557339"><ele>99.75</ele><time>2026-06-18T01:11:28Z</time></trkpt>
      <trkpt lat="36.1328468" lon="100.5558005"><ele>99.70</ele><time>2026-06-18T01:11:29Z</time></trkpt>
      <trkpt lat="36.1328468" lon="100.5558672"><ele>99.66</ele><time>2026-06-18T01:11:30Z</time></trkpt>
      <trkpt lat="36.1328468" lon="100.5559339"><ele>99.62</ele><time>2026-06-18T01:11:32Z</time></trkpt>
      <trkpt lat="36.1328468" lon="100.5560006"><ele>99.57</ele><time>2026-06-18T01:11:33Z</time></trkpt>
      <trkpt lat="36.1328468" lon="100.5560672"><ele>99.52</ele><time>2026-06-18T01:11:34Z</time></trkpt>
      <trkpt lat="36.1328468" lon="100.5561339"><ele>99.47</ele><time>2026-06-18T01:11:35Z</time></trkpt>
      <trkpt lat="36.1328468" lon="100.5562006"><ele>99.42</ele><time>2026-06-18T01:11:37Z</time></trkpt>
      <trkpt lat="36.1328468" lon="100.5562673"><ele>99.37</ele><time>2026-06-18T01:11:38Z</time></trkpt>
      <trkpt lat="36.1328468" lon="100.5563339"><ele>99.31</ele><time>2026-06-18T01:11:39Z</time></trkpt>
      <trkpt lat="36.1328468" lon="100.5564006"><ele>99.26</ele><time>2026-06-18T01:11:40Z</time></trkpt>
      <trkpt lat="36.1328468" lon="100.5564673"><ele>99.20</ele><time>2026-06-18T01:11:42Z</time></trkpt>
      <trkpt lat="36.1328468" lon="100.5565340"><ele>99.14</ele><time>2026-06-18T01:11:43Z</time></trkpt>
      <trkpt lat="36.1328468" lon="100.5566006"><ele>99.08</ele><time>2026-06-18T01:11:44Z</time></trkpt>
      <trkpt lat="36.1328468" lon="100.5566673"><ele>99.01</ele><time>2026-06-18T01:11:45Z</time></trkpt>
      <trkpt lat="36.1328468" lon="100.5567340"><ele>98.95</ele><time>2026-06-18T01:11:47Z</time></trkpt>
      <trkpt lat="36.1328468" lon="100.5568007"><ele>98.88</ele><time>2026-06-18T01:11:48Z</time></trkpt>
      <trkpt lat="36.1328468" lon="100.5568673"><ele>98.81</ele><time>2026-06-18T01:11:49Z</time></trkpt>
      <trkpt lat="36.1328468" lon="100.5569340"><ele>98.74</ele><time>2026-06-18T01:11:51Z</time></trkpt>
      <trkpt lat="36.1328492" lon="100.5569688"><ele>98.71</ele><time>2026-06-18T01:11:51Z</time></trkpt>
      <trkpt lat="36.1328565" lon="100.5570025"><ele>98.67</ele><time>2026-06-18T01:11:52Z</time></trkpt>
      <trkpt lat="36.1328684" lon="100.5570341"><ele>98.63</ele><time>2026-06-18T01:11:53Z</time></trkpt>
      <trkpt lat="36.1328846" lon="100.5570627"><ele>98.59</ele><time>2026-06-18T01:11:53Z</time></trkpt>
      <trkpt lat="36.1329045" lon="100.5570874"><ele>98.55</ele><time>2026-06-18T01:11:54Z</time></trkpt>
      <trkpt lat="36.1329276" lon="100.5571074"><ele>98.51</ele><time>2026-06-18T01:11:55Z</time></trkpt>
      <trkpt lat="36.1329532" lon="100.5571221"><ele>98.47</ele><time>2026-06-18T01:11:55Z</time></trkpt>
      <trkpt lat="36.1329804" lon="100.5571312"><ele>98.43</ele><time>2026-06-18T01:11:56Z</time></trkpt>
      <trkpt lat="36.1330085" lon="100.5571342"><ele>98.39</ele><time>2026-06-18T01:11:57Z</time></trkpt>
      <trkpt lat="36.1330366" lon="100.5571312"><ele>98.35</ele><time>2026-06-18T01:11:57Z</time></trkpt>
      <trkpt lat="36.1330638" lon="100.5571221"><ele>98.31</ele><time>2026-06-18T01:11:58Z</time></trkpt>
      <trkpt lat="36.1330893" lon="100.5571074"><ele>98.26</ele><time>2026-06-18T01:11:59Z</time></trkpt>
      <trkpt lat="36.1331124" lon="100.5570874"><ele>98.22</ele><time>2026-06-18T01:11:59Z</time></trkpt>
      <trkpt lat="36.1331323" lon="100.5570627"><ele>98.18</ele><time>2026-06-18T01:12:00Z</time></trkpt>
      <trkpt lat="36.1331485" lon="100.5570341"><ele>98.13</ele><time>2026-06-18T01:12:00Z</time></trkpt>
      <trkpt lat="36.1331604" lon="100.5570025"><ele>98.09</ele><time>2026-06-18T01:12:01Z</time></trkpt>
      <trkpt lat="36.1331677" lon="100.5569688"><ele>98.05</ele><time>2026-06-18T01:12:02Z</time></trkpt>
      <trkpt lat="36.1331702" lon="100.5569340"><ele>98.00</ele><time>2026-06-18T01:12:02Z</time></trkpt>
      <trkpt lat="36.1331702" lon="100.5568673"><ele>97.91</ele><time>2026-06-18T01:12:04Z</time></trkpt>
      <trkpt lat="36.1331702" lon="100.5568007"><ele>97.82</ele><time>2026-06-18T01:12:05Z</time></trkpt>
      <trkpt lat="36.1331702" lon="100.5567340"><ele>97.73</ele><time>2026-06-18T01:12:06Z</time></trkpt>
      <trkpt lat="36.1331702" lon="100.5566673"><ele>97.64</ele><time>2026-06-18T01:12:08Z</time></trkpt>
      <trkpt lat="36.1331702" lon="100.5566006"><ele>97.54</ele><time>2026-06-18T01:12:09Z</time></trkpt>
      <trkpt lat="36.1331702" lon="100.5565340"><ele>97.45</ele><time>2026-06-18T01:12:10Z</time></trkpt>
      <trkpt lat="36.1331702" lon="100.5564673"><ele>97.35</ele><time>2026-06-18T01:12:11Z</time></trkpt>
      <trkpt lat="36.1331702" lon="100.5564006"><ele>97.25</ele><time>2026-06-18T01:12:13Z</time></trkpt>
      <trkpt lat="36.1331702" lon="100.5563339"><ele>97.15</ele><time>2026-06-18T01:12:14Z</time></trkpt>
      <trkpt lat="36.1331702" lon="100.5562673"><ele>97.05</ele><time>2026-06-18T01:12:15Z</time></trkpt>
      <trkpt lat="36.1331702" lon="100.5562006"><ele>96.95</ele><time>2026-06-18T01:12:16Z</time></trkpt>
      <trkpt lat="36.1331702" lon="100.5561339"><ele>96.84</ele><time>2026-06-18T01:12:18Z</time></trkpt>
      <trkpt lat="36.1331702" lon="100.5560672"><ele>96.74</ele><time>2026-06-18T01:12:19Z</time></trkpt>
      <trkpt lat="36.1331702" lon="100.5560006"><ele>96.63</ele><time>2026-06-18T01:12:20Z</time></trkpt>
      <trkpt lat="36.1331702" lon="100.5559339"><ele>96.52</ele><time>2026-06-18T01:12:22Z</time></trkpt>
      <trkpt lat="36.1331702" lon="100.5558672"><ele>96.41</ele><time>2026-06-18T01:12:23Z</time></trkpt>
      <trkpt lat="36.1331702" lon="100.5558005"><ele>96.30</ele><time>2026-06-18T01:12:24Z</time></trkpt>
      <trkpt lat="36.1331702" lon="100.5557339"><ele>96.19</ele><time>2026-06-18T01:12:25Z</time></trkpt>
      <trkpt lat="36.1331702" lon="100.5556672"><ele>96.07</ele><time>2026-06-18T01:12:27Z</time></trkpt>
      <trkpt lat="36.1331702" lon="100.5556005"><ele>95.96</ele><time>2026-06-18T01:12:28Z</time></trkpt>
      <trkpt lat="36.1331702" lon="100.5555338"><ele>95.84</ele><time>2026-06-18T01:12:29Z</time></trkpt>
      <trkpt lat="36.1331702" lon="100.5554672"><ele>95.72</ele><time>2026-06-18T01:12:30Z</time></trkpt>
      <trkpt lat="36.1331702" lon="100.5554005"><ele>95.60</ele><time>2026-06-18T01:12:32Z</time></trkpt>
      <trkpt lat="36.1331702" lon="100.5553338"><ele>95.48</ele><time>2026-06-18T01:12:33Z</time></trkpt>
      <trkpt lat="36.1331702" lon="100.5552671"><ele>95.36</ele><time>2026-06-18T01:12:34Z</time></trkpt>
      <trkpt lat="36.1331702" lon="100.5552005"><ele>95.24</ele><time>2026-06-18T01:12:35Z</time></trkpt>
      <trkpt lat="36.1331702" lon="100.5551338"><ele>95.12</ele><time>2026-06-18T01:12:37Z</time></trkpt>
      <trkpt lat="36.1331702" lon="100.5550671"><ele>95.00</ele><time>2026-06-18T01:12:38Z</time></trkpt>
      <trkpt lat="36.1331702" lon="100.5550004"><ele>94.87</ele><time>2026-06-18T01:12:39Z</time></trkpt>
      <trkpt lat="36.1331702" lon="100.5549338"><ele>94.75</ele><time>2026-06-18T01:12:41Z</time></trkpt>
      <trkpt lat="36.1331702" lon="100.5548671"><ele>94.62</ele><time>2026-06-18T01:12:42Z</time></trkpt>
      <trkpt lat="36.1331702" lon="100.5548004"><ele>94.50</ele><time>2026-06-18T01:12:43Z</time></trkpt>
      <trkpt lat="36.1331702" lon="100.5547337"><ele>94.37</ele><time>2026-06-18T01:12:44Z</time></trkpt>
      <trkpt lat="36.1331702" lon="100.5546671"><ele>94.24</ele><time>2026-06-18T01:12:46Z</time></trkpt>
      <trkpt lat="36.1331702" lon="100.5546004"><ele>94.11</ele><time>2026-06-18T01:12:47Z</time></trkpt>
      <trkpt lat="36.1331702" lon="100.5545337"><ele>93.99</ele><time>2026-06-18T01:12:48Z</time></trkpt>
      <trkpt lat="36.1331702" lon="100.5544670"><ele>93.86</ele><time>2026-06-18T01:12:49Z</time></trkpt>
      <trkpt lat="36.1331702" lon="100.5544004"><ele>93.73</ele><time>2026-06-18T01:12:51Z</time></trkpt>
      <trkpt lat="36.1331702" lon="100.5543337"><ele>93.60</ele><time>2026-06-18T01:12:52Z</time></trkpt>
      <trkpt lat="36.1331702" lon="100.5542670"><ele>93.47</ele><time>2026-06-18T01:12:53Z</time></trkpt>
      <trkpt lat="36.1331702" lon="100.5542003"><ele>93.34</ele><time>2026-06-18T01:12:54Z</time></trkpt>
      <trkpt lat="36.1331702" lon="100.5541337"><ele>93.21</ele><time>2026-06-18T01:12:56Z</time></trkpt>
      <trkpt lat="36.1331702" lon="100.5540670"><ele>93.08</ele><time>2026-06-18T01:12:57Z</time></trkpt>
      <trkpt lat="36.1331702" lon="100.5540003"><ele>92.95</ele><time>2026-06-18T01:12:58Z</time></trkpt>
      <trkpt lat="36.1331702" lon="100.5539336"><ele>92.81</ele><time>2026-06-18T01:13:00Z</time></trkpt>
      <trkpt lat="36.1331702" lon="100.5538670"><ele>92.68</ele><time>2026-06-18T01:13:01Z</time></trkpt>
      <trkpt lat="36.1331702" lon="100.5538003"><ele>92.55</ele><time>2026-06-18T01:13:02Z</time></trkpt>
      <trkpt lat="36.1331702" lon="100.5537336"><ele>92.42</ele><time>2026-06-18T01:13:03Z</time></trkpt>
      <trkpt lat="36.1331702" lon="100.5536669"><ele>92.29</ele><time>2026-06-18T01:13:05Z</time></trkpt>
      <trkpt lat="36.1331702" lon="100.5536003"><ele>92.16</ele><time>2026-06-18T01:13:06Z</time></trkpt>
      <trkpt lat="36.1331702" lon="100.5535336"><ele>92.03</ele><time>2026-06-18T01:13:07Z</time></trkpt>
      <trkpt lat="36.1331702" lon="100.5534669"><ele>91.90</ele><time>2026-06-18T01:13:08Z</time></trkpt>
      <trkpt lat="36.1331702" lon="100.5534002"><ele>91.77</ele><time>2026-06-18T01:13:10Z</time></trkpt>
      <trkpt lat="36.1331702" lon="100.5533336"><ele>91.65</ele><time>2026-06-18T01:13:11Z</time></trkpt>
      <trkpt lat="36.1331702" lon="100.5532669"><ele>91.52</ele><time>2026-06-18T01:13:12Z</time></trkpt>
      <trkpt lat="36.1331702" lon="100.5532002"><ele>91.39</ele><time>2026-06-18T01:13:13Z</time></trkpt>
      <trkpt lat="36.1331702" lon="100.5531335"><ele>91.26</ele><time>2026-06-18T01:13:15Z</time></trkpt>
      <trkpt lat="36.1331702" lon="100.5530669"><ele>91.14</ele><time>2026-06-18T01:13:16Z</time></trkpt>
      <trkpt lat="36.1331702" lon="100.5530002"><ele>91.01</ele><time>2026-06-18T01:13:17Z</time></trkpt>
      <trkpt lat="36.1331702" lon="100.5529335"><ele>90.89</ele><time>2026-06-18T01:13:19Z</time></trkpt>
      <trkpt lat="36.1331702" lon="100.5528668"><ele>90.76</ele><time>2026-06-18T01:13:20Z</time></trkpt>
      <trkpt lat="36.1331702" lon="100.5528002"><ele>90.64</ele><time>2026-06-18T01:13:21Z</time></trkpt>
      <trkpt lat="36.1331702" lon="100.5527335"><ele>90.52</ele><time>2026-06-18T01:13:22Z</time></trkpt>
      <trkpt lat="36.1331702" lon="100.5526668"><ele>90.40</ele><time>2026-06-18T01:13:24Z</time></trkpt>
      <trkpt lat="36.1331702" lon="100.5526001"><ele>90.28</ele><time>2026-06-18T01:13:25Z</time></trkpt>
      <trkpt lat="36.1331702" lon="100.5525335"><ele>90.16</ele><time>2026-06-18T01:13:26Z</time></trkpt>
      <trkpt lat="36.1331702" lon="100.5524668"><ele>90.04</ele><time>2026-06-18T01:13:27Z</time></trkpt>
      <trkpt lat="36.1331702" lon="100.5524001"><ele>89.93</ele><time>2026-06-18T01:13:29Z</time></trkpt>
      <trkpt lat="36.1331702" lon="100.5523334"><ele>89.81</ele><time>2026-06-18T01:13:30Z</time></trkpt>
      <trkpt lat="36.1331702" lon="100.5522668"><ele>89.70</ele><time>2026-06-18T01:13:31Z</time></trkpt>
      <trkpt lat="36.1331702" lon="100.5522001"><ele>89.59</ele><time>2026-06-18T01:13:33Z</time></trkpt>
      <trkpt lat="36.1331702" lon="100.5521334"><ele>89.47</ele><time>2026-06-18T01:13:34Z</time></trkpt>
      <trkpt lat="36.1331702" lon="100.5520667"><ele>89.36</ele><time>2026-06-18T01:13:35Z</time></trkpt>
      <trkpt lat="36.1331702" lon="100.5520001"><ele>89.26</ele><time>2026-06-18T01:13:36Z</time></trkpt>
      <trkpt lat="36.1331702" lon="100.5519334"><ele>89.15</ele><time>2026-06-18T01:13:38Z</time></trkpt>
      <trkpt lat="36.1331702" lon="100.5518667"><ele>89.05</ele><time>2026-06-18T01:13:39Z</time></trkpt>
      <trkpt lat="36.1331702" lon="100.5518000"><ele>88.94</ele><time>2026-06-18T01:13:40Z</time></trkpt>
      <trkpt lat="36.1331702" lon="100.5517334"><ele>88.84</ele><time>2026-06-18T01:13:41Z</time></trkpt>
      <trkpt lat="36.1331702" lon="100.5516667"><ele>88.74</ele><time>2026-06-18T01:13:43Z</time></trkpt>
      <trkpt lat="36.1331702" lon="100.5516000"><ele>88.64</ele><time>2026-06-18T01:13:44Z</time></trkpt>
      <trkpt lat="36.1331702" lon="100.5515333"><ele>88.55</ele><time>2026-06-18T01:13:45Z</time></trkpt>
      <trkpt lat="36.1331702" lon="100.5514667"><ele>88.45</ele><time>2026-06-18T01:13:46Z</time></trkpt>
      <trkpt lat="36.1331702" lon="100.5514000"><ele>88.36</ele><time>2026-06-18T01:13:48Z</time></trkpt>
      <trkpt lat="36.1331702" lon="100.5513333"><ele>88.27</ele><time>2026-06-18T01:13:49Z</time></trkpt>
      <trkpt lat="36.1331702" lon="100.5512666"><ele>88.18</ele><time>2026-06-18T01:13:50Z</time></trkpt>
      <trkpt lat="36.1331702" lon="100.5512000"><ele>88.09</ele><time>2026-06-18T01:13:52Z</time></trkpt>
      <trkpt lat="36.1331726" lon="100.5511652"><ele>88.05</ele><time>2026-06-18T01:13:52Z</time></trkpt>
      <trkpt lat="36.1331799" lon="100.5511315"><ele>88.01</ele><time>2026-06-18T01:13:53Z</time></trkpt>
      <trkpt lat="36.1331918" lon="100.5510998"><ele>87.96</ele><time>2026-06-18T01:13:54Z</time></trkpt>
      <trkpt lat="36.1332080" lon="100.5510713"><ele>87.92</ele><time>2026-06-18T01:13:54Z</time></trkpt>
      <trkpt lat="36.1332279" lon="100.5510466"><ele>87.88</ele><time>2026-06-18T01:13:55Z</time></trkpt>
      <trkpt lat="36.1332510" lon="100.5510266"><ele>87.84</ele><time>2026-06-18T01:13:56Z</time></trkpt>
      <trkpt lat="36.1332766" lon="100.5510118"><ele>87.80</ele><time>2026-06-18T01:13:56Z</time></trkpt>
      <trkpt lat="36.1333038" lon="100.5510028"><ele>87.76</ele><time>2026-06-18T01:13:57Z</time></trkpt>
      <trkpt lat="36.1333319" lon="100.5509997"><ele>87.72</ele><time>2026-06-18T01:13:58Z</time></trkpt>
      <trkpt lat="36.1333600" lon="100.5510028"><ele>87.68</ele><time>2026-06-18T01:13:58Z</time></trkpt>
      <trkpt lat="36.1333872" lon="100.5510118"><ele>87.64</ele><time>2026-06-18T01:13:59Z</time></trkpt>
      <trkpt lat="36.1334127" lon="100.5510266"><ele>87.60</ele><time>2026-06-18T01:14:00Z</time></trkpt>
      <trkpt lat="36.1334358" lon="100.5510466"><ele>87.56</ele><time>2026-06-18T01:14:00Z</time></trkpt>
      <trkpt lat="36.1334557" lon="100.5510713"><ele>87.53</ele><time>2026-06-18T01:14:01Z</time></trkpt>
      <trkpt lat="36.1334719" lon="100.5510998"><ele>87.49</ele><time>2026-06-18T01:14:01Z</time></trkpt>
      <trkpt lat="36.1334838" lon="100.5511315"><ele>87.45</ele><time>2026-06-18T01:14:02Z</time></trkpt>
      <trkpt lat="36.1334911" lon="100.5511652"><ele>87.42</ele><time>2026-06-18T01:14:03Z</time></trkpt>
      <trkpt lat="36.1334936" lon="100.5512000"><ele>87.38</ele><time>2026-06-18T01:14:03Z</time></trkpt>
      <trkpt lat="36.1334936" lon="100.5512666"><ele>87.32</ele><time>2026-06-18T01:14:05Z</time></trkpt>
      <trkpt lat="36.1334936" lon="100.5513333"><ele>87.26</ele><time>2026-06-18T01:14:06Z</time></trkpt>
      <trkpt lat="36.1334936" lon="100.5514000"><ele>87.20</ele><time>2026-06-18T01:14:07Z</time></trkpt>
      <trkpt lat="36.1334936" lon="100.5514667"><ele>87.15</ele><time>2026-06-18T01:14:09Z</time></trkpt>
      <trkpt lat="36.1334936" lon="100.5515333"><ele>87.09</ele><time>2026-06-18T01:14:10Z</time></trkpt>
      <trkpt lat="36.1334936" lon="100.5516000"><ele>87.04</ele><time>2026-06-18T01:14:11Z</time></trkpt>
      <trkpt lat="36.1334936" lon="100.5516667"><ele>86.99</ele><time>2026-06-18T01:14:12Z</time></trkpt>
      <trkpt lat="36.1334936" lon="100.5517334"><ele>86.94</ele><time>2026-06-18T01:14:14Z</time></trkpt>
      <trkpt lat="36.1334936" lon="100.5518000"><ele>86.90</ele><time>2026-06-18T01:14:15Z</time></trkpt>
      <trkpt lat="36.1334936" lon="100.5518667"><ele>86.86</ele><time>2026-06-18T01:14:16Z</time></trkpt>
      <trkpt lat="36.1334936" lon="100.5519334"><ele>86.82</ele><time>2026-06-18T01:14:17Z</time></trkpt>
      <trkpt lat="36.1334936" lon="100.5520001"><ele>86.78</ele><time>2026-06-18T01:14:19Z</time></trkpt>
      <trkpt lat="36.1334936" lon="100.5520667"><ele>86.75</ele><time>2026-06-18T01:14:20Z</time></trkpt>
      <trkpt lat="36.1334936" lon="100.5521334"><ele>86.72</ele><time>2026-06-18T01:14:21Z</time></trkpt>
      <trkpt lat="36.1334936" lon="100.5522001"><ele>86.69</ele><time>2026-06-18T01:14:23Z</time></trkpt>
      <trkpt lat="36.1334936" lon="100.5522668"><ele>86.66</ele><time>2026-06-18T01:14:24Z</time></trkpt>
      <trkpt lat="36.1334936" lon="100.5523334"><ele>86.64</ele><time>2026-06-18T01:14:25Z</time></trkpt>
      <trkpt lat="36.1334936" lon="100.5524001"><ele>86.62</ele><time>2026-06-18T01:14:26Z</time></trkpt>
      <trkpt lat="36.1334936" lon="100.5524668"><ele>86.60</ele><time>2026-06-18T01:14:28Z</time></trkpt>
      <trkpt lat="36.1334936" lon="100.5525335"><ele>86.58</ele><time>2026-06-18T01:14:29Z</time></trkpt>
      <trkpt lat="36.1334936" lon="100.5526001"><ele>86.57</ele><time>2026-06-18T01:14:30Z</time></trkpt>
      <trkpt lat="36.1334936" lon="100.5526668"><ele>86.56</ele><time>2026-06-18T01:14:31Z</time></trkpt>
      <trkpt lat="36.1334936" lon="100.5527335"><ele>86.55</ele><time>2026-06-18T01:14:33Z</time></trkpt>
      <trkpt lat="36.1334936" lon="100.5528002"><ele>86.54</ele><time>2026-06-18T01:14:34Z</time></trkpt>
      <trkpt lat="36.1334936" lon="100.5528668"><ele>86.54</ele><time>2026-06-18T01:14:35Z</time></trkpt>
      <trkpt lat="36.1334936" lon="100.5529335"><ele>86.54</ele><time>2026-06-18T01:14:36Z</time></trkpt>
      <trkpt lat="36.1334936" lon="100.5530002"><ele>86.54</ele><time>2026-06-18T01:14:38Z</time></trkpt>
      <trkpt lat="36.1334936" lon="100.5530669"><ele>86.54</ele><time>2026-06-18T01:14:39Z</time></trkpt>
      <trkpt lat="36.1334936" lon="100.5531335"><ele>86.55</ele><time>2026-06-18T01:14:40Z</time></trkpt>
      <trkpt lat="36.1334936" lon="100.5532002"><ele>86.56</ele><time>2026-06-18T01:14:42Z</time></trkpt>
      <trkpt lat="36.1334936" lon="100.5532669"><ele>86.57</ele><time>2026-06-18T01:14:43Z</time></trkpt>
      <trkpt lat="36.1334936" lon="100.5533336"><ele>86.59</ele><time>2026-06-18T01:14:44Z</time></trkpt>
      <trkpt lat="36.1334936" lon="100.5534002"><ele>86.60</ele><time>2026-06-18T01:14:45Z</time></trkpt>
      <trkpt lat="36.1334936" lon="100.5534669"><ele>86.62</ele><time>2026-06-18T01:14:47Z</time></trkpt>
      <trkpt lat="36.1334936" lon="100.5535336"><ele>86.64</ele><time>2026-06-18T01:14:48Z</time></trkpt>
      <trkpt lat="36.1334936" lon="100.5536003"><ele>86.67</ele><time>2026-06-18T01:14:49Z</time></trkpt>
      <trkpt lat="36.1334936" lon="100.5536669"><ele>86.69</ele><time>2026-06-18T01:14:50Z</time></trkpt>
      <trkpt lat="36.1334936" lon="100.5537336"><ele>86.72</ele><time>2026-06-18T01:14:52Z</time></trkpt>
      <trkpt lat="36.1334936" lon="100.5538003"><ele>86.75</ele><time>2026-06-18T01:14:53Z</time></trkpt>
      <trkpt lat="36.1334936" lon="100.5538670"><ele>86.78</ele><time>2026-06-18T01:14:54Z</time></trkpt>
      <trkpt lat="36.1334936" lon="100.5539336"><ele>86.82</ele><time>2026-06-18T01:14:55Z</time></trkpt>
      <trkpt lat="36.1334936" lon="100.5540003"><ele>86.86</ele><time>2026-06-18T01:14:57Z</time></trkpt>
      <trkpt lat="36.1334936" lon="100.5540670"><ele>86.90</ele><time>2026-06-18T01:14:58Z</time></trkpt>
      <trkpt lat="36.1334936" lon="100.5541337"><ele>86.94</ele><time>2026-06-18T01:14:59Z</time></trkpt>
      <trkpt lat="36.1334936" lon="100.5542003"><ele>86.98</ele><time>2026-06-18T01:15:01Z</time></trkpt>
      <trkpt lat="36.1334936" lon="100.5542670"><ele>87.03</ele><time>2026-06-18T01:15:02Z</time></trkpt>
      <trkpt lat="36.1334936" lon="100.5543337"><ele>87.07</ele><time>2026-06-18T01:15:03Z</time></trkpt>
      <trkpt lat="36.1334936" lon="100.5544004"><ele>87.12</ele><time>2026-06-18T01:15:04Z</time></trkpt>
      <trkpt lat="36.1334936" lon="100.5544670"><ele>87.18</ele><time>2026-06-18T01:15:06Z</time></trkpt>
      <trkpt lat="36.1334936" lon="100.5545337"><ele>87.23</ele><time>2026-06-18T01:15:07Z</time></trkpt>
      <trkpt lat="36.1334936" lon="100.5546004"><ele>87.29</ele><time>2026-06-18T01:15:08Z</time></trkpt>
      <trkpt lat="36.1334936" lon="100.5546671"><ele>87.34</ele><time>2026-06-18T01:15:09Z</time></trkpt>
      <trkpt lat="36.1334936" lon="100.5547337"><ele>87.40</ele><time>2026-06-18T01:15:11Z</time></trkpt>
      <trkpt lat="36.1334936" lon="100.5548004"><ele>87.46</ele><time>2026-06-18T01:15:12Z</time></trkpt>
      <trkpt lat="36.1334936" lon="100.5548671"><ele>87.53</ele><time>2026-06-18T01:15:13Z</time></trkpt>
      <trkpt lat="36.1334936" lon="100.5549338"><ele>87.59</ele><time>2026-06-18T01:15:14Z</time></trkpt>
      <trkpt lat="36.1334936" lon="100.5550004"><ele>87.66</ele><time>2026-06-18T01:15:16Z</time></trkpt>
      <trkpt lat="36.1334936" lon="100.5550671"><ele>87.72</ele><time>2026-06-18T01:15:17Z</time></trkpt>
      <trkpt lat="36.1334936" lon="100.5551338"><ele>87.79</ele><time>2026-06-18T01:15:18Z</time></trkpt>
      <trkpt lat="36.1334936" lon="100.5552005"><ele>87.87</ele><time>2026-06-18T01:15:20Z</time></trkpt>
      <trkpt lat="36.1334936" lon="100.5552671"><ele>87.94</ele><time>2026-06-18T01:15:21Z</time></trkpt>
      <trkpt lat="36.1334936" lon="100.5553338"><ele>88.01</ele><time>2026-06-18T01:15:22Z</time></trkpt>
      <trkpt lat="36.1334936" lon="100.5554005"><ele>88.09</ele><time>2026-06-18T01:15:23Z</time></trkpt>
      <trkpt lat="36.1334936" lon="100.5554672"><ele>88.16</ele><time>2026-06-18T01:15:25Z</time></trkpt>
      <trkpt lat="36.1334936" lon="100.5555338"><ele>88.24</ele><time>2026-06-18T01:15:26Z</time></trkpt>
      <trkpt lat="36.1334936" lon="100.5556005"><ele>88.32</ele><time>2026-06-18T01:15:27Z</time></trkpt>
      <trkpt lat="36.1334936" lon="100.5556672"><ele>88.40</ele><time>2026-06-18T01:15:28Z</time></trkpt>
      <trkpt lat="36.1334936" lon="100.5557339"><ele>88.48</ele><time>2026-06-18T01:15:30Z</time></trkpt>
      <trkpt lat="36.1334936" lon="100.5558005"><ele>88.56</ele><time>2026-06-18T01:15:31Z</time></trkpt>
      <trkpt lat="36.1334936" lon="100.5558672"><ele>88.65</ele><time>2026-06-18T01:15:32Z</time></trkpt>
      <trkpt lat="36.1334936" lon="100.5559339"><ele>88.73</ele><time>2026-06-18T01:15:34Z</time></trkpt>
      <trkpt lat="36.1334936" lon="100.5560006"><ele>88.82</ele><time>2026-06-18T01:15:35Z</time></trkpt>
      <trkpt lat="36.1334936" lon="100.5560672"><ele>88.90</ele><time>2026-06-18T01:15:36Z</time></trkpt>
      <trkpt lat="36.1334936" lon="100.5561339"><ele>88.99</ele><time>2026-06-18T01:15:37Z</time></trkpt>
      <trkpt lat="36.1334936" lon="100.5562006"><ele>89.08</ele><time>2026-06-18T01:15:39Z</time></trkpt>
      <trkpt lat="36.1334936" lon="100.5562673"><ele>89.17</ele><time>2026-06-18T01:15:40Z</time></trkpt>
      <trkpt lat="36.1334936" lon="100.5563339"><ele>89.26</ele><time>2026-06-18T01:15:41Z</time></trkpt>
      <trkpt lat="36.1334936" lon="100.5564006"><ele>89.35</ele><time>2026-06-18T01:15:42Z</time></trkpt>
      <trkpt lat="36.1334936" lon="100.5564673"><ele>89.44</ele><time>2026-06-18T01:15:44Z</time></trkpt>
      <trkpt lat="36.1334936" lon="100.5565340"><ele>89.53</ele><time>2026-06-18T01:15:45Z</time></trkpt>
      <trkpt lat="36.1334936" lon="100.5566006"><ele>89.62</ele><time>2026-06-18T01:15:46Z</time></trkpt>
      <trkpt lat="36.1334936" lon="100.5566673"><ele>89.71</ele><time>2026-06-18T01:15:47Z</time></trkpt>
      <trkpt lat="36.1334936" lon="100.5567340"><ele>89.81</ele><time>2026-06-18T01:15:49Z</time></trkpt>
      <trkpt lat="36.1334936" lon="100.5568007"><ele>89.90</ele><time>2026-06-18T01:15:50Z</time></trkpt>
      <trkpt lat="36.1334936" lon="100.5568673"><ele>89.99</ele><time>2026-06-18T01:15:51Z</time></trkpt>
      <trkpt lat="36.1334936" lon="100.5569340"><ele>90.09</ele><time>2026-06-18T01:15:53Z</time></trkpt>
      <trkpt lat="36.1334960" lon="100.5569688"><ele>90.14</ele><time>2026-06-18T01:15:53Z</time></trkpt>
      <trkpt lat="36.1335033" lon="100.5570025"><ele>90.19</ele><time>2026-06-18T01:15:54Z</time></trkpt>
      <trkpt lat="36.1335152" lon="100.5570341"><ele>90.24</ele><time>2026-06-18T01:15:55Z</time></trkpt>
      <trkpt lat="36.1335314" lon="100.5570627"><ele>90.28</ele><time>2026-06-18T01:15:55Z</time></trkpt>
      <trkpt lat="36.1335513" lon="100.5570874"><ele>90.33</ele><time>2026-06-18T01:15:56Z</time></trkpt>
      <trkpt lat="36.1335744" lon="100.5571074"><ele>90.38</ele><time>2026-06-18T01:15:57Z</time></trkpt>
      <trkpt lat="36.1336000" lon="100.5571222"><ele>90.43</ele><time>2026-06-18T01:15:57Z</time></trkpt>
      <trkpt lat="36.1336272" lon="100.5571312"><ele>90.48</ele><time>2026-06-18T01:15:58Z</time></trkpt>
      <trkpt lat="36.1336553" lon="100.5571342"><ele>90.53</ele><time>2026-06-18T01:15:59Z</time></trkpt>
      <trkpt lat="36.1336833" lon="100.5571312"><ele>90.58</ele><time>2026-06-18T01:15:59Z</time></trkpt>
      <trkpt lat="36.1337106" lon="100.5571222"><ele>90.63</ele><time>2026-06-18T01:16:00Z</time></trkpt>
      <trkpt lat="36.1337361" lon="100.5571074"><ele>90.68</ele><time>2026-06-18T01:16:00Z</time></trkpt>
      <trkpt lat="36.1337592" lon="100.5570874"><ele>90.73</ele><time>2026-06-18T01:16:01Z</time></trkpt>
      <trkpt lat="36.1337791" lon="100.5570627"><ele>90.78</ele><time>2026-06-18T01:16:02Z</time></trkpt>
      <trkpt lat="36.1337953" lon="100.5570341"><ele>90.83</ele><time>2026-06-18T01:16:02Z</time></trkpt>
      <trkpt lat="36.1338072" lon="100.5570025"><ele>90.88</ele><time>2026-06-18T01:16:03Z</time></trkpt>
      <trkpt lat="36.1338145" lon="100.5569688"><ele>90.92</ele><time>2026-06-18T01:16:04Z</time></trkpt>
      <trkpt lat="36.1338170" lon="100.5569340"><ele>90.97</ele><time>2026-06-18T01:16:04Z</time></trkpt>
      <trkpt lat="36.1338170" lon="100.5568673"><ele>91.07</ele><time>2026-06-18T01:16:06Z</time></trkpt>
      <trkpt lat="36.1338170" lon="100.5568007"><ele>91.16</ele><time>2026-06-18T01:16:07Z</time></trkpt>
      <trkpt lat="36.1338170" lon="100.5567340"><ele>91.25</ele><time>2026-06-18T01:16:08Z</time></trkpt>
      <trkpt lat="36.1338170" lon="100.5566673"><ele>91.35</ele><time>2026-06-18T01:16:10Z</time></trkpt>
      <trkpt lat="36.1338170" lon="100.5566006"><ele>91.44</ele><time>2026-06-18T01:16:11Z</time></trkpt>
      <trkpt lat="36.1338170" lon="100.5565340"><ele>91.53</ele><time>2026-06-18T01:16:12Z</time></trkpt>
      <trkpt lat="36.1338170" lon="100.5564673"><ele>91.62</ele><time>2026-06-18T01:16:13Z</time></trkpt>
      <trkpt lat="36.1338170" lon="100.5564006"><ele>91.71</ele><time>2026-06-18T01:16:15Z</time></trkpt>
      <trkpt lat="36.1338170" lon="100.5563339"><ele>91.80</ele><time>2026-06-18T01:16:16Z</time></trkpt>
      <trkpt lat="36.1338170" lon="100.5562673"><ele>91.89</ele><time>2026-06-18T01:16:17Z</time></trkpt>
      <trkpt lat="36.1338170" lon="100.5562006"><ele>91.98</ele><time>2026-06-18T01:16:18Z</time></trkpt>
      <trkpt lat="36.1338170" lon="100.5561339"><ele>92.07</ele><time>2026-06-18T01:16:20Z</time></trkpt>
      <trkpt lat="36.1338170" lon="100.5560672"><ele>92.16</ele><time>2026-06-18T01:16:21Z</time></trkpt>
      <trkpt lat="36.1338170" lon="100.5560006"><ele>92.25</ele><time>2026-06-18T01:16:22Z</time></trkpt>
      <trkpt lat="36.1338170" lon="100.5559339"><ele>92.33</ele><time>2026-06-18T01:16:23Z</time></trkpt>
      <trkpt lat="36.1338170" lon="100.5558672"><ele>92.42</ele><time>2026-06-18T01:16:25Z</time></trkpt>
      <trkpt lat="36.1338170" lon="100.5558005"><ele>92.50</ele><time>2026-06-18T01:16:26Z</time></trkpt>
      <trkpt lat="36.1338170" lon="100.5557339"><ele>92.59</ele><time>2026-06-18T01:16:27Z</time></trkpt>
      <trkpt lat="36.1338170" lon="100.5556672"><ele>92.67</ele><time>2026-06-18T01:16:29Z</time></trkpt>
      <trkpt lat="36.1338170" lon="100.5556005"><ele>92.75</ele><time>2026-06-18T01:16:30Z</time></trkpt>
      <trkpt lat="36.1338170" lon="100.5555338"><ele>92.83</ele><time>2026-06-18T01:16:31Z</time></trkpt>
      <trkpt lat="36.1338170" lon="100.5554672"><ele>92.91</ele><time>2026-06-18T01:16:32Z</time></trkpt>
      <trkpt lat="36.1338170" lon="100.5554005"><ele>92.99</ele><time>2026-06-18T01:16:34Z</time></trkpt>
      <trkpt lat="36.1338170" lon="100.5553338"><ele>93.07</ele><time>2026-06-18T01:16:35Z</time></trkpt>
      <trkpt lat="36.1338170" lon="100.5552671"><ele>93.15</ele><time>2026-06-18T01:16:36Z</time></trkpt>
      <trkpt lat="36.1338170" lon="100.5552005"><ele>93.22</ele><time>2026-06-18T01:16:37Z</time></trkpt>
      <trkpt lat="36.1338170" lon="100.5551338"><ele>93.30</ele><time>2026-06-18T01:16:39Z</time></trkpt>
      <trkpt lat="36.1338170" lon="100.5550671"><ele>93.37</ele><time>2026-06-18T01:16:40Z</time></trkpt>
      <trkpt lat="36.1338170" lon="100.5550004"><ele>93.45</ele><time>2026-06-18T01:16:41Z</time></trkpt>
      <trkpt lat="36.1338170" lon="100.5549338"><ele>93.52</ele><time>2026-06-18T01:16:43Z</time></trkpt>
      <trkpt lat="36.1338170" lon="100.5548671"><ele>93.59</ele><time>2026-06-18T01:16:44Z</time></trkpt>
      <trkpt lat="36.1338170" lon="100.5548004"><ele>93.66</ele><time>2026-06-18T01:16:45Z</time></trkpt>
      <trkpt lat="36.1338170" lon="100.5547337"><ele>93.73</ele><time>2026-06-18T01:16:46Z</time></trkpt>
      <trkpt lat="36.1338170" lon="100.5546671"><ele>93.80</ele><time>2026-06-18T01:16:48Z</time></trkpt>
      <trkpt lat="36.1338170" lon="100.5546004"><ele>93.86</ele><time>2026-06-18T01:16:49Z</time></trkpt>
      <trkpt lat="36.1338170" lon="100.5545337"><ele>93.93</ele><time>2026-06-18T01:16:50Z</time></trkpt>
      <trkpt lat="36.1338170" lon="100.5544670"><ele>93.99</ele><time>2026-06-18T01:16:51Z</time></trkpt>
      <trkpt lat="36.1338170" lon="100.5544004"><ele>94.06</ele><time>2026-06-18T01:16:53Z</time></trkpt>
      <trkpt lat="36.1338170" lon="100.5543337"><ele>94.12</ele><time>2026-06-18T01:16:54Z</time></trkpt>
      <trkpt lat="36.1338170" lon="100.5542670"><ele>94.18</ele><time>2026-06-18T01:16:55Z</time></trkpt>
      <trkpt lat="36.1338170" lon="100.5542003"><ele>94.24</ele><time>2026-06-18T01:16:56Z</time></trkpt>
      <trkpt lat="36.1338170" lon="100.5541337"><ele>94.30</ele><time>2026-06-18T01:16:58Z</time></trkpt>
      <trkpt lat="36.1338170" lon="100.5540670"><ele>94.35</ele><time>2026-06-18T01:16:59Z</time></trkpt>
      <trkpt lat="36.1338170" lon="100.5540003"><ele>94.41</ele><time>2026-06-18T01:17:00Z</time></trkpt>
      <trkpt lat="36.1338170" lon="100.5539336"><ele>94.46</ele><time>2026-06-18T01:17:02Z</time></trkpt>
      <trkpt lat="36.1338170" lon="100.5538669"><ele>94.52</ele><time>2026-06-18T01:17:03Z</time></trkpt>
      <trkpt lat="36.1338170" lon="100.5538003"><ele>94.57</ele><time>2026-06-18T01:17:04Z</time></trkpt>
      <trkpt lat="36.1338170" lon="100.5537336"><ele>94.62</ele><time>2026-06-18T01:17:05Z</time></trkpt>
      <trkpt lat="36.1338170" lon="100.5536669"><ele>94.67</ele><time>2026-06-18T01:17:07Z</time></trkpt>
      <trkpt lat="36.1338170" lon="100.5536002"><ele>94.72</ele><time>2026-06-18T01:17:08Z</time></trkpt>
      <trkpt lat="36.1338170" lon="100.5535336"><ele>94.77</ele><time>2026-06-18T01:17:09Z</time></trkpt>
      <trkpt lat="36.1338170" lon="100.5534669"><ele>94.82</ele><time>2026-06-18T01:17:10Z</time></trkpt>
      <trkpt lat="36.1338170" lon="100.5534002"><ele>94.86</ele><time>2026-06-18T01:17:12Z</time></trkpt>
      <trkpt lat="36.1338170" lon="100.5533335"><ele>94.91</ele><time>2026-06-18T01:17:13Z</time></trkpt>
      <trkpt lat="36.1338170" lon="100.5532669"><ele>94.95</ele><time>2026-06-18T01:17:14Z</time></trkpt>
      <trkpt lat="36.1338170" lon="100.5532002"><ele>94.99</ele><time>2026-06-18T01:17:15Z</time></trkpt>
      <trkpt lat="36.1338170" lon="100.5531335"><ele>95.03</ele><time>2026-06-18T01:17:17Z</time></trkpt>
      <trkpt lat="36.1338170" lon="100.5530668"><ele>95.07</ele><time>2026-06-18T01:17:18Z</time></trkpt>
      <trkpt lat="36.1338170" lon="100.5530002"><ele>95.11</ele><time>2026-06-18T01:17:19Z</time></trkpt>
      <trkpt lat="36.1338170" lon="100.5529335"><ele>95.15</ele><time>2026-06-18T01:17:21Z</time></trkpt>
      <trkpt lat="36.1338170" lon="100.5528668"><ele>95.19</ele><time>2026-06-18T01:17:22Z</time></trkpt>
      <trkpt lat="36.1338170" lon="100.5528001"><ele>95.23</ele><time>2026-06-18T01:17:23Z</time></trkpt>
      <trkpt lat="36.1338170" lon="100.5527335"><ele>95.26</ele><time>2026-06-18T01:17:24Z</time></trkpt>
      <trkpt lat="36.1338170" lon="100.5526668"><ele>95.30</ele><time>2026-06-18T01:17:26Z</time></trkpt>
      <trkpt lat="36.1338170" lon="100.5526001"><ele>95.33</ele><time>2026-06-18T01:17:27Z</time></trkpt>
      <trkpt lat="36.1338170" lon="100.5525334"><ele>95.36</ele><time>2026-06-18T01:17:28Z</time></trkpt>
      <trkpt lat="36.1338170" lon="100.5524668"><ele>95.40</ele><time>2026-06-18T01:17:29Z</time></trkpt>
      <trkpt lat="36.1338170" lon="100.5524001"><ele>95.43</ele><time>2026-06-18T01:17:31Z</time></trkpt>
      <trkpt lat="36.1338170" lon="100.5523334"><ele>95.46</ele><time>2026-06-18T01:17:32Z</time></trkpt>
      <trkpt lat="36.1338170" lon="100.5522667"><ele>95.49</ele><time>2026-06-18T01:17:33Z</time></trkpt>
      <trkpt lat="36.1338170" lon="100.5522001"><ele>95.52</ele><time>2026-06-18T01:17:35Z</time></trkpt>
      <trkpt lat="36.1338170" lon="100.5521334"><ele>95.55</ele><time>2026-06-18T01:17:36Z</time></trkpt>
      <trkpt lat="36.1338170" lon="100.5520667"><ele>95.57</ele><time>2026-06-18T01:17:37Z</time></trkpt>
      <trkpt lat="36.1338170" lon="100.5520000"><ele>95.60</ele><time>2026-06-18T01:17:38Z</time></trkpt>
      <trkpt lat="36.1338170" lon="100.5519334"><ele>95.63</ele><time>2026-06-18T01:17:40Z</time></trkpt>
      <trkpt lat="36.1338170" lon="100.5518667"><ele>95.66</ele><time>2026-06-18T01:17:41Z</time></trkpt>
      <trkpt lat="36.1338170" lon="100.5518000"><ele>95.68</ele><time>2026-06-18T01:17:42Z</time></trkpt>
      <trkpt lat="36.1338170" lon="100.5517333"><ele>95.71</ele><time>2026-06-18T01:17:43Z</time></trkpt>
      <trkpt lat="36.1338170" lon="100.5516667"><ele>95.73</ele><time>2026-06-18T01:17:45Z</time></trkpt>
      <trkpt lat="36.1338170" lon="100.5516000"><ele>95.76</ele><time>2026-06-18T01:17:46Z</time></trkpt>
      <trkpt lat="36.1338170" lon="100.5515333"><ele>95.78</ele><time>2026-06-18T01:17:47Z</time></trkpt>
      <trkpt lat="36.1338170" lon="100.5514666"><ele>95.80</ele><time>2026-06-18T01:17:48Z</time></trkpt>
      <trkpt lat="36.1338170" lon="100.5514000"><ele>95.83</ele><time>2026-06-18T01:17:50Z</time></trkpt>
      <trkpt lat="36.1338170" lon="100.5513333"><ele>95.85</ele><time>2026-06-18T01:17:51Z</time></trkpt>
      <trkpt lat="36.1338170" lon="100.5512666"><ele>95.87</ele><time>2026-06-18T01:17:52Z</time></trkpt>
      <trkpt lat="36.1338170" lon="100.5511999"><ele>95.90</ele><time>2026-06-18T01:17:54Z</time></trkpt>
      <trkpt lat="36.1338194" lon="100.5511652"><ele>95.91</ele><time>2026-06-18T01:17:54Z</time></trkpt>
      <trkpt lat="36.1338267" lon="100.5511315"><ele>95.92</ele><time>2026-06-18T01:17:55Z</time></trkpt>
      <trkpt lat="36.1338386" lon="100.5510998"><ele>95.93</ele><time>2026-06-18T01:17:56Z</time></trkpt>
      <trkpt lat="36.1338548" lon="100.5510712"><ele>95.94</ele><time>2026-06-18T01:17:56Z</time></trkpt>
      <trkpt lat="36.1338747" lon="100.5510466"><ele>95.95</ele><time>2026-06-18T01:17:57Z</time></trkpt>
      <trkpt lat="36.1338978" lon="100.5510265"><ele>95.97</ele><time>2026-06-18T01:17:58Z</time></trkpt>
      <trkpt lat="36.1339234" lon="100.5510118"><ele>95.98</ele><time>2026-06-18T01:17:58Z</time></trkpt>
      <trkpt lat="36.1339506" lon="100.5510028"><ele>95.99</ele><time>2026-06-18T01:17:59Z</time></trkpt>
      <trkpt lat="36.1339787" lon="100.5509997"><ele>96.00</ele><time>2026-06-18T01:18:00Z</time></trkpt>
      <trkpt lat="36.1340067" lon="100.5510028"><ele>96.01</ele><time>2026-06-18T01:18:00Z</time></trkpt>
      <trkpt lat="36.1340340" lon="100.5510118"><ele>96.02</ele><time>2026-06-18T01:18:01Z</time></trkpt>
      <trkpt lat="36.1340595" lon="100.5510265"><ele>96.03</ele><time>2026-06-18T01:18:01Z</time></trkpt>
      <trkpt lat="36.1340826" lon="100.5510466"><ele>96.05</ele><time>2026-06-18T01:18:02Z</time></trkpt>
      <trkpt lat="36.1341025" lon="100.5510712"><ele>96.06</ele><time>2026-06-18T01:18:03Z</time></trkpt>
      <trkpt lat="36.1341187" lon="100.5510998"><ele>96.07</ele><time>2026-06-18T01:18:03Z</time></trkpt>
      <trkpt lat="36.1341306" lon="100.5511315"><ele>96.08</ele><time>2026-06-18T01:18:04Z</time></trkpt>
      <trkpt lat="36.1341379" lon="100.5511652"><ele>96.09</ele><time>2026-06-18T01:18:05Z</time></trkpt>
      <trkpt lat="36.1341404" lon="100.5511999"><ele>96.10</ele><time>2026-06-18T01:18:05Z</time></trkpt>
      <trkpt lat="36.1341404" lon="100.5512666"><ele>96.13</ele><time>2026-06-18T01:18:07Z</time></trkpt>
      <trkpt lat="36.1341404" lon="100.5513333"><ele>96.15</ele><time>2026-06-18T01:18:08Z</time></trkpt>
      <trkpt lat="36.1341404" lon="100.5514000"><ele>96.17</ele><time>2026-06-18T01:18:09Z</time></trkpt>
      <trkpt lat="36.1341404" lon="100.5514666"><ele>96.20</ele><time>2026-06-18T01:18:11Z</time></trkpt>
      <trkpt lat="36.1341404" lon="100.5515333"><ele>96.22</ele><time>2026-06-18T01:18:12Z</time></trkpt>
      <trkpt lat="36.1341404" lon="100.5516000"><ele>96.24</ele><time>2026-06-18T01:18:13Z</time></trkpt>
      <trkpt lat="36.1341404" lon="100.5516667"><ele>96.27</ele><time>2026-06-18T01:18:14Z</time></trkpt>
      <trkpt lat="36.1341404" lon="100.5517333"><ele>96.29</ele><time>2026-06-18T01:18:16Z</time></trkpt>
      <trkpt lat="36.1341404" lon="100.5518000"><ele>96.32</ele><time>2026-06-18T01:18:17Z</time></trkpt>
      <trkpt lat="36.1341404" lon="100.5518667"><ele>96.34</ele><time>2026-06-18T01:18:18Z</time></trkpt>
      <trkpt lat="36.1341404" lon="100.5519334"><ele>96.37</ele><time>2026-06-18T01:18:19Z</time></trkpt>
      <trkpt lat="36.1341404" lon="100.5520000"><ele>96.40</ele><time>2026-06-18T01:18:21Z</time></trkpt>
      <trkpt lat="36.1341404" lon="100.5520667"><ele>96.43</ele><time>2026-06-18T01:18:22Z</time></trkpt>
      <trkpt lat="36.1341404" lon="100.5521334"><ele>96.45</ele><time>2026-06-18T01:18:23Z</time></trkpt>
      <trkpt lat="36.1341404" lon="100.5522001"><ele>96.48</ele><time>2026-06-18T01:18:24Z</time></trkpt>
      <trkpt lat="36.1341404" lon="100.5522667"><ele>96.51</ele><time>2026-06-18T01:18:26Z</time></trkpt>
      <trkpt lat="36.1341404" lon="100.5523334"><ele>96.54</ele><time>2026-06-18T01:18:27Z</time></trkpt>
      <trkpt lat="36.1341404" lon="100.5524001"><ele>96.57</ele><time>2026-06-18T01:18:28Z</time></trkpt>
      <trkpt lat="36.1341404" lon="100.5524668"><ele>96.60</ele><time>2026-06-18T01:18:30Z</time></trkpt>
      <trkpt lat="36.1341404" lon="100.5525334"><ele>96.64</ele><time>2026-06-18T01:18:31Z</time></trkpt>
      <trkpt lat="36.1341404" lon="100.5526001"><ele>96.67</ele><time>2026-06-18T01:18:32Z</time></trkpt>
      <trkpt lat="36.1341404" lon="100.5526668"><ele>96.70</ele><time>2026-06-18T01:18:33Z</time></trkpt>
      <trkpt lat="36.1341404" lon="100.5527335"><ele>96.74</ele><time>2026-06-18T01:18:35Z</time></trkpt>
      <trkpt lat="36.1341404" lon="100.5528001"><ele>96.77</ele><time>2026-06-18T01:18:36Z</time></trkpt>
      <trkpt lat="36.1341404" lon="100.5528668"><ele>96.81</ele><time>2026-06-18T01:18:37Z</time></trkpt>
      <trkpt lat="36.1341404" lon="100.5529335"><ele>96.85</ele><time>2026-06-18T01:18:38Z</time></trkpt>
      <trkpt lat="36.1341404" lon="100.5530002"><ele>96.89</ele><time>2026-06-18T01:18:40Z</time></trkpt>
      <trkpt lat="36.1341404" lon="100.5530669"><ele>96.93</ele><time>2026-06-18T01:18:41Z</time></trkpt>
      <trkpt lat="36.1341404" lon="100.5531335"><ele>96.97</ele><time>2026-06-18T01:18:42Z</time></trkpt>
      <trkpt lat="36.1341404" lon="100.5532002"><ele>97.01</ele><time>2026-06-18T01:18:44Z</time></trkpt>
      <trkpt lat="36.1341404" lon="100.5532669"><ele>97.05</ele><time>2026-06-18T01:18:45Z</time></trkpt>
      <trkpt lat="36.1341404" lon="100.5533336"><ele>97.09</ele><time>2026-06-18T01:18:46Z</time></trkpt>
      <trkpt lat="36.1341404" lon="100.5534002"><ele>97.14</ele><time>2026-06-18T01:18:47Z</time></trkpt>
      <trkpt lat="36.1341404" lon="100.5534669"><ele>97.18</ele><time>2026-06-18T01:18:49Z</time></trkpt>
      <trkpt lat="36.1341404" lon="100.5535336"><ele>97.23</ele><time>2026-06-18T01:18:50Z</time></trkpt>
      <trkpt lat="36.1341404" lon="100.5536003"><ele>97.28</ele><time>2026-06-18T01:18:51Z</time></trkpt>
      <trkpt lat="36.1341404" lon="100.5536669"><ele>97.33</ele><time>2026-06-18T01:18:52Z</time></trkpt>
      <trkpt lat="36.1341404" lon="100.5537336"><ele>97.38</ele><time>2026-06-18T01:18:54Z</time></trkpt>
      <trkpt lat="36.1341404" lon="100.5538003"><ele>97.43</ele><time>2026-06-18T01:18:55Z</time></trkpt>
      <trkpt lat="36.1341404" lon="100.5538670"><ele>97.48</ele><time>2026-06-18T01:18:56Z</time></trkpt>
      <trkpt lat="36.1341404" lon="100.5539336"><ele>97.54</ele><time>2026-06-18T01:18:57Z</time></trkpt>
      <trkpt lat="36.1341404" lon="100.5540003"><ele>97.59</ele><time>2026-06-18T01:18:59Z</time></trkpt>
      <trkpt lat="36.1341404" lon="100.5540670"><ele>97.65</ele><time>2026-06-18T01:19:00Z</time></trkpt>
      <trkpt lat="36.1341404" lon="100.5541337"><ele>97.70</ele><time>2026-06-18T01:19:01Z</time></trkpt>
      <trkpt lat="36.1341404" lon="100.5542003"><ele>97.76</ele><time>2026-06-18T01:19:03Z</time></trkpt>
      <trkpt lat="36.1341404" lon="100.5542670"><ele>97.82</ele><time>2026-06-18T01:19:04Z</time></trkpt>
      <trkpt lat="36.1341404" lon="100.5543337"><ele>97.88</ele><time>2026-06-18T01:19:05Z</time></trkpt>
      <trkpt lat="36.1341404" lon="100.5544004"><ele>97.94</ele><time>2026-06-18T01:19:06Z</time></trkpt>
      <trkpt lat="36.1341404" lon="100.5544670"><ele>98.01</ele><time>2026-06-18T01:19:08Z</time></trkpt>
      <trkpt lat="36.1341404" lon="100.5545337"><ele>98.07</ele><time>2026-06-18T01:19:09Z</time></trkpt>
      <trkpt lat="36.1341404" lon="100.5546004"><ele>98.14</ele><time>2026-06-18T01:19:10Z</time></trkpt>
      <trkpt lat="36.1341404" lon="100.5546671"><ele>98.20</ele><time>2026-06-18T01:19:11Z</time></trkpt>
      <trkpt lat="36.1341404" lon="100.5547337"><ele>98.27</ele><time>2026-06-18T01:19:13Z</time></trkpt>
      <trkpt lat="36.1341404" lon="100.5548004"><ele>98.34</ele><time>2026-06-18T01:19:14Z</time></trkpt>
      <trkpt lat="36.1341404" lon="100.5548671"><ele>98.41</ele><time>2026-06-18T01:19:15Z</time></trkpt>
      <trkpt lat="36.1341404" lon="100.5549338"><ele>98.48</ele><time>2026-06-18T01:19:16Z</time></trkpt>
      <trkpt lat="36.1341404" lon="100.5550004"><ele>98.55</ele><time>2026-06-18T01:19:18Z</time></trkpt>
      <trkpt lat="36.1341404" lon="100.5550671"><ele>98.63</ele><time>2026-06-18T01:19:19Z</time></trkpt>
      <trkpt lat="36.1341404" lon="100.5551338"><ele>98.70</ele><time>2026-06-18T01:19:20Z</time></trkpt>
      <trkpt lat="36.1341404" lon="100.5552005"><ele>98.78</ele><time>2026-06-18T01:19:22Z</time></trkpt>
      <trkpt lat="36.1341404" lon="100.5552672"><ele>98.85</ele><time>2026-06-18T01:19:23Z</time></trkpt>
      <trkpt lat="36.1341404" lon="100.5553338"><ele>98.93</ele><time>2026-06-18T01:19:24Z</time></trkpt>
      <trkpt lat="36.1341404" lon="100.5554005"><ele>99.01</ele><time>2026-06-18T01:19:25Z</time></trkpt>
      <trkpt lat="36.1341404" lon="100.5554672"><ele>99.09</ele><time>2026-06-18T01:19:27Z</time></trkpt>
      <trkpt lat="36.1341404" lon="100.5555339"><ele>99.17</ele><time>2026-06-18T01:19:28Z</time></trkpt>
      <trkpt lat="36.1341404" lon="100.5556005"><ele>99.25</ele><time>2026-06-18T01:19:29Z</time></trkpt>
      <trkpt lat="36.1341404" lon="100.5556672"><ele>99.33</ele><time>2026-06-18T01:19:30Z</time></trkpt>
      <trkpt lat="36.1341404" lon="100.5557339"><ele>99.41</ele><time>2026-06-18T01:19:32Z</time></trkpt>
      <trkpt lat="36.1341404" lon="100.5558006"><ele>99.50</ele><time>2026-06-18T01:19:33Z</time></trkpt>
      <trkpt lat="36.1341404" lon="100.5558672"><ele>99.58</ele><time>2026-06-18T01:19:34Z</time></trkpt>
      <trkpt lat="36.1341404" lon="100.5559339"><ele>99.67</ele><time>2026-06-18T01:19:36Z</time></trkpt>
      <trkpt lat="36.1341404" lon="100.5560006"><ele>99.75</ele><time>2026-06-18T01:19:37Z</time></trkpt>
      <trkpt lat="36.1341404" lon="100.5560673"><ele>99.84</ele><time>2026-06-18T01:19:38Z</time></trkpt>
      <trkpt lat="36.1341404" lon="100.5561339"><ele>99.93</ele><time>2026-06-18T01:19:39Z</time></trkpt>
      <trkpt lat="36.1341404" lon="100.5562006"><ele>100.02</ele><time>2026-06-18T01:19:41Z</time></trkpt>
      <trkpt lat="36.1341404" lon="100.5562673"><ele>100.11</ele><time>2026-06-18T01:19:42Z</time></trkpt>
      <trkpt lat="36.1341404" lon="100.5563340"><ele>100.20</ele><time>2026-06-18T01:19:43Z</time></trkpt>
      <trkpt lat="36.1341404" lon="100.5564006"><ele>100.29</ele><time>2026-06-18T01:19:44Z</time></trkpt>
      <trkpt lat="36.1341404" lon="100.5564673"><ele>100.38</ele><time>2026-06-18T01:19:46Z</time></trkpt>
      <trkpt lat="36.1341404" lon="100.5565340"><ele>100.47</ele><time>2026-06-18T01:19:47Z</time></trkpt>
      <trkpt lat="36.1341404" lon="100.5566007"><ele>100.56</ele><time>2026-06-18T01:19:48Z</time></trkpt>
      <trkpt lat="36.1341404" lon="100.5566673"><ele>100.65</ele><time>2026-06-18T01:19:49Z</time></trkpt>
      <trkpt lat="36.1341404" lon="100.5567340"><ele>100.75</ele><time>2026-06-18T01:19:51Z</time></trkpt>
      <trkpt lat="36.1341404" lon="100.5568007"><ele>100.84</ele><time>2026-06-18T01:19:52Z</time></trkpt>
      <trkpt lat="36.1341404" lon="100.5568674"><ele>100.93</ele><time>2026-06-18T01:19:53Z</time></trkpt>
      <trkpt lat="36.1341404" lon="100.5569340"><ele>101.03</ele><time>2026-06-18T01:19:55Z</time></trkpt>
      <trkpt lat="36.1341428" lon="100.5569688"><ele>101.08</ele><time>2026-06-18T01:19:55Z</time></trkpt>
      <trkpt lat="36.1341501" lon="100.5570025"><ele>101.12</ele><time>2026-06-18T01:19:56Z</time></trkpt>
      <trkpt lat="36.1341620" lon="100.5570342"><ele>101.17</ele><time>2026-06-18T01:19:57Z</time></trkpt>
      <trkpt lat="36.1341782" lon="100.5570627"><ele>101.22</ele><time>2026-06-18T01:19:57Z</time></trkpt>
      <trkpt lat="36.1341981" lon="100.5570874"><ele>101.27</ele><time>2026-06-18T01:19:58Z</time></trkpt>
      <trkpt lat="36.1342212" lon="100.5571074"><ele>101.32</ele><time>2026-06-18T01:19:59Z</time></trkpt>
      <trkpt lat="36.1342467" lon="100.5571222"><ele>101.37</ele><time>2026-06-18T01:19:59Z</time></trkpt>
      <trkpt lat="36.1342740" lon="100.5571312"><ele>101.42</ele><time>2026-06-18T01:20:00Z</time></trkpt>
      <trkpt lat="36.1343020" lon="100.5571343"><ele>101.47</ele><time>2026-06-18T01:20:00Z</time></trkpt>
      <trkpt lat="36.1343301" lon="100.5571312"><ele>101.52</ele><time>2026-06-18T01:20:01Z</time></trkpt>
      <trkpt lat="36.1343574" lon="100.5571222"><ele>101.57</ele><time>2026-06-18T01:20:02Z</time></trkpt>
      <trkpt lat="36.1343829" lon="100.5571074"><ele>101.62</ele><time>2026-06-18T01:20:02Z</time></trkpt>
      <trkpt lat="36.1344060" lon="100.5570874"><ele>101.67</ele><time>2026-06-18T01:20:03Z</time></trkpt>
      <trkpt lat="36.1344259" lon="100.5570627"><ele>101.72</ele><time>2026-06-18T01:20:04Z</time></trkpt>
      <trkpt lat="36.1344421" lon="100.5570342"><ele>101.76</ele><time>2026-06-18T01:20:04Z</time></trkpt>
      <trkpt lat="36.1344540" lon="100.5570025"><ele>101.81</ele><time>2026-06-18T01:20:05Z</time></trkpt>
      <trkpt lat="36.1344613" lon="100.5569688"><ele>101.86</ele><time>2026-06-18T01:20:06Z</time></trkpt>
      <trkpt lat="36.1344637" lon="100.5569340"><ele>101.91</ele><time>2026-06-18T01:20:06Z</time></trkpt>
      <trkpt lat="36.1344637" lon="100.5568674"><ele>102.01</ele><time>2026-06-18T01:20:08Z</time></trkpt>
      <trkpt lat="36.1344637" lon="100.5568007"><ele>102.10</ele><time>2026-06-18T01:20:09Z</time></trkpt>
      <trkpt lat="36.1344637" lon="100.5567340"><ele>102.19</ele><time>2026-06-18T01:20:10Z</time></trkpt>
      <trkpt lat="36.1344637" lon="100.5566673"><ele>102.29</ele><time>2026-06-18T01:20:12Z</time></trkpt>
      <trkpt lat="36.1344637" lon="100.5566007"><ele>102.38</ele><time>2026-06-18T01:20:13Z</time></trkpt>
      <trkpt lat="36.1344637" lon="100.5565340"><ele>102.47</ele><time>2026-06-18T01:20:14Z</time></trkpt>
      <trkpt lat="36.1344637" lon="100.5564673"><ele>102.56</ele><time>2026-06-18T01:20:15Z</time></trkpt>
      <trkpt lat="36.1344637" lon="100.5564006"><ele>102.65</ele><time>2026-06-18T01:20:17Z</time></trkpt>
      <trkpt lat="36.1344637" lon="100.5563340"><ele>102.74</ele><time>2026-06-18T01:20:18Z</time></trkpt>
      <trkpt lat="36.1344637" lon="100.5562673"><ele>102.83</ele><time>2026-06-18T01:20:19Z</time></trkpt>
      <trkpt lat="36.1344637" lon="100.5562006"><ele>102.92</ele><time>2026-06-18T01:20:20Z</time></trkpt>
      <trkpt lat="36.1344637" lon="100.5561339"><ele>103.01</ele><time>2026-06-18T01:20:22Z</time></trkpt>
      <trkpt lat="36.1344637" lon="100.5560673"><ele>103.10</ele><time>2026-06-18T01:20:23Z</time></trkpt>
      <trkpt lat="36.1344637" lon="100.5560006"><ele>103.18</ele><time>2026-06-18T01:20:24Z</time></trkpt>
      <trkpt lat="36.1344637" lon="100.5559339"><ele>103.27</ele><time>2026-06-18T01:20:25Z</time></trkpt>
      <trkpt lat="36.1344637" lon="100.5558672"><ele>103.35</ele><time>2026-06-18T01:20:27Z</time></trkpt>
      <trkpt lat="36.1344637" lon="100.5558006"><ele>103.44</ele><time>2026-06-18T01:20:28Z</time></trkpt>
      <trkpt lat="36.1344637" lon="100.5557339"><ele>103.52</ele><time>2026-06-18T01:20:29Z</time></trkpt>
      <trkpt lat="36.1344637" lon="100.5556672"><ele>103.60</ele><time>2026-06-18T01:20:31Z</time></trkpt>
      <trkpt lat="36.1344637" lon="100.5556005"><ele>103.68</ele><time>2026-06-18T01:20:32Z</time></trkpt>
      <trkpt lat="36.1344637" lon="100.5555338"><ele>103.76</ele><time>2026-06-18T01:20:33Z</time></trkpt>
      <trkpt lat="36.1344637" lon="100.5554672"><ele>103.84</ele><time>2026-06-18T01:20:34Z</time></trkpt>
      <trkpt lat="36.1344637" lon="100.5554005"><ele>103.91</ele><time>2026-06-18T01:20:36Z</time></trkpt>
      <trkpt lat="36.1344637" lon="100.5553338"><ele>103.99</ele><time>2026-06-18T01:20:37Z</time></trkpt>
      <trkpt lat="36.1344637" lon="100.5552671"><ele>104.06</ele><time>2026-06-18T01:20:38Z</time></trkpt>
      <trkpt lat="36.1344637" lon="100.5552005"><ele>104.13</ele><time>2026-06-18T01:20:39Z</time></trkpt>
      <trkpt lat="36.1344637" lon="100.5551338"><ele>104.21</ele><time>2026-06-18T01:20:41Z</time></trkpt>
      <trkpt lat="36.1344637" lon="100.5550671"><ele>104.28</ele><time>2026-06-18T01:20:42Z</time></trkpt>
      <trkpt lat="36.1344637" lon="100.5550004"><ele>104.34</ele><time>2026-06-18T01:20:43Z</time></trkpt>
      <trkpt lat="36.1344637" lon="100.5549338"><ele>104.41</ele><time>2026-06-18T01:20:45Z</time></trkpt>
      <trkpt lat="36.1344637" lon="100.5548671"><ele>104.47</ele><time>2026-06-18T01:20:46Z</time></trkpt>
      <trkpt lat="36.1344637" lon="100.5548004"><ele>104.54</ele><time>2026-06-18T01:20:47Z</time></trkpt>
      <trkpt lat="36.1344637" lon="100.5547337"><ele>104.60</ele><time>2026-06-18T01:20:48Z</time></trkpt>
      <trkpt lat="36.1344637" lon="100.5546671"><ele>104.66</ele><time>2026-06-18T01:20:50Z</time></trkpt>
      <trkpt lat="36.1344637" lon="100.5546004"><ele>104.71</ele><time>2026-06-18T01:20:51Z</time></trkpt>
      <trkpt lat="36.1344637" lon="100.5545337"><ele>104.77</ele><time>2026-06-18T01:20:52Z</time></trkpt>
      <trkpt lat="36.1344637" lon="100.5544670"><ele>104.82</ele><time>2026-06-18T01:20:53Z</time></trkpt>
      <trkpt lat="36.1344637" lon="100.5544004"><ele>104.88</ele><time>2026-06-18T01:20:55Z</time></trkpt>
      <trkpt lat="36.1344637" lon="100.5543337"><ele>104.93</ele><time>2026-06-18T01:20:56Z</time></trkpt>
      <trkpt lat="36.1344637" lon="100.5542670"><ele>104.97</ele><time>2026-06-18T01:20:57Z</time></trkpt>
      <trkpt lat="36.1344637" lon="100.5542003"><ele>105.02</ele><time>2026-06-18T01:20:58Z</time></trkpt>
      <trkpt lat="36.1344637" lon="100.5541337"><ele>105.06</ele><time>2026-06-18T01:21:00Z</time></trkpt>
      <trkpt lat="36.1344637" lon="100.5540670"><ele>105.10</ele><time>2026-06-18T01:21:01Z</time></trkpt>
      <trkpt lat="36.1344637" lon="100.5540003"><ele>105.14</ele><time>2026-06-18T01:21:02Z</time></trkpt>
      <trkpt lat="36.1344637" lon="100.5539336"><ele>105.18</ele><time>2026-06-18T01:21:04Z</time></trkpt>
      <trkpt lat="36.1344637" lon="100.5538669"><ele>105.22</ele><time>2026-06-18T01:21:05Z</time></trkpt>
      <trkpt lat="36.1344637" lon="100.5538003"><ele>105.25</ele><time>2026-06-18T01:21:06Z</time></trkpt>
      <trkpt lat="36.1344637" lon="100.5537336"><ele>105.28</ele><time>2026-06-18T01:21:07Z</time></trkpt>
      <trkpt lat="36.1344637" lon="100.5536669"><ele>105.31</ele><time>2026-06-18T01:21:09Z</time></trkpt>
      <trkpt lat="36.1344637" lon="100.5536002"><ele>105.33</ele><time>2026-06-18T01:21:10Z</time></trkpt>
      <trkpt lat="36.1344637" lon="100.5535336"><ele>105.36</ele><time>2026-06-18T01:21:11Z</time></trkpt>
      <trkpt lat="36.1344637" lon="100.5534669"><ele>105.38</ele><time>2026-06-18T01:21:12Z</time></trkpt>
      <trkpt lat="36.1344637" lon="100.5534002"><ele>105.40</ele><time>2026-06-18T01:21:14Z</time></trkpt>
      <trkpt lat="36.1344637" lon="100.5533335"><ele>105.41</ele><time>2026-06-18T01:21:15Z</time></trkpt>
      <trkpt lat="36.1344637" lon="100.5532669"><ele>105.43</ele><time>2026-06-18T01:21:16Z</time></trkpt>
      <trkpt lat="36.1344637" lon="100.5532002"><ele>105.44</ele><time>2026-06-18T01:21:17Z</time></trkpt>
      <trkpt lat="36.1344637" lon="100.5531335"><ele>105.45</ele><time>2026-06-18T01:21:19Z</time></trkpt>
      <trkpt lat="36.1344637" lon="100.5530668"><ele>105.46</ele><time>2026-06-18T01:21:20Z</time></trkpt>
      <trkpt lat="36.1344637" lon="100.5530002"><ele>105.46</ele><time>2026-06-18T01:21:21Z</time></trkpt>
      <trkpt lat="36.1344637" lon="100.5529335"><ele>105.46</ele><time>2026-06-18T01:21:23Z</time></trkpt>
      <trkpt lat="36.1344637" lon="100.5528668"><ele>105.46</ele><time>2026-06-18T01:21:24Z</time></trkpt>
      <trkpt lat="36.1344637" lon="100.5528001"><ele>105.46</ele><time>2026-06-18T01:21:25Z</time></trkpt>
      <trkpt lat="36.1344637" lon="100.5527335"><ele>105.45</ele><time>2026-06-18T01:21:26Z</time></trkpt>
      <trkpt lat="36.1344637" lon="100.5526668"><ele>105.44</ele><time>2026-06-18T01:21:28Z</time></trkpt>
      <trkpt lat="36.1344637" lon="100.5526001"><ele>105.43</ele><time>2026-06-18T01:21:29Z</time></trkpt>
      <trkpt lat="36.1344637" lon="100.5525334"><ele>105.42</ele><time>2026-06-18T01:21:30Z</time></trkpt>
      <trkpt lat="36.1344637" lon="100.5524668"><ele>105.40</ele><time>2026-06-18T01:21:31Z</time></trkpt>
      <trkpt lat="36.1344637" lon="100.5524001"><ele>105.38</ele><time>2026-06-18T01:21:33Z</time></trkpt>
      <trkpt lat="36.1344637" lon="100.5523334"><ele>105.36</ele><time>2026-06-18T01:21:34Z</time></trkpt>
      <trkpt lat="36.1344637" lon="100.5522667"><ele>105.34</ele><time>2026-06-18T01:21:35Z</time></trkpt>
      <trkpt lat="36.1344637" lon="100.5522000"><ele>105.31</ele><time>2026-06-18T01:21:36Z</time></trkpt>
      <trkpt lat="36.1344637" lon="100.5521334"><ele>105.28</ele><time>2026-06-18T01:21:38Z</time></trkpt>
      <trkpt lat="36.1344637" lon="100.5520667"><ele>105.25</ele><time>2026-06-18T01:21:39Z</time></trkpt>
      <trkpt lat="36.1344637" lon="100.5520000"><ele>105.22</ele><time>2026-06-18T01:21:40Z</time></trkpt>
      <trkpt lat="36.1344637" lon="100.5519333"><ele>105.18</ele><time>2026-06-18T01:21:42Z</time></trkpt>
      <trkpt lat="36.1344637" lon="100.5518667"><ele>105.14</ele><time>2026-06-18T01:21:43Z</time></trkpt>
      <trkpt lat="36.1344637" lon="100.5518000"><ele>105.10</ele><time>2026-06-18T01:21:44Z</time></trkpt>
      <trkpt lat="36.1344637" lon="100.5517333"><ele>105.06</ele><time>2026-06-18T01:21:45Z</time></trkpt>
      <trkpt lat="36.1344637" lon="100.5516666"><ele>105.01</ele><time>2026-06-18T01:21:47Z</time></trkpt>
      <trkpt lat="36.1344637" lon="100.5516000"><ele>104.96</ele><time>2026-06-18T01:21:48Z</time></trkpt>
      <trkpt lat="36.1344637" lon="100.5515333"><ele>104.91</ele><time>2026-06-18T01:21:49Z</time></trkpt>
      <trkpt lat="36.1344637" lon="100.5514666"><ele>104.85</ele><time>2026-06-18T01:21:50Z</time></trkpt>
      <trkpt lat="36.1344637" lon="100.5513999"><ele>104.80</ele><time>2026-06-18T01:21:52Z</time></trkpt>
      <trkpt lat="36.1344637" lon="100.5513333"><ele>104.74</ele><time>2026-06-18T01:21:53Z</time></trkpt>
      <trkpt lat="36.1344637" lon="100.5512666"><ele>104.68</ele><time>2026-06-18T01:21:54Z</time></trkpt>
      <trkpt lat="36.1344637" lon="100.5511999"><ele>104.62</ele><time>2026-06-18T01:21:56Z</time></trkpt>
      <trkpt lat="36.1344662" lon="100.5511651"><ele>104.58</ele><time>2026-06-18T01:21:56Z</time></trkpt>
      <trkpt lat="36.1344735" lon="100.5511314"><ele>104.55</ele><time>2026-06-18T01:21:57Z</time></trkpt>
      <trkpt lat="36.1344854" lon="100.5510998"><ele>104.51</ele><time>2026-06-18T01:21:58Z</time></trkpt>
      <trkpt lat="36.1345016" lon="100.5510712"><ele>104.47</ele><time>2026-06-18T01:21:58Z</time></trkpt>
      <trkpt lat="36.1345215" lon="100.5510465"><ele>104.44</ele><time>2026-06-18T01:21:59Z</time></trkpt>
      <trkpt lat="36.1345446" lon="100.5510265"><ele>104.40</ele><time>2026-06-18T01:22:00Z</time></trkpt>
      <trkpt lat="36.1345701" lon="100.5510118"><ele>104.36</ele><time>2026-06-18T01:22:00Z</time></trkpt>
      <trkpt lat="36.1345974" lon="100.5510027"><ele>104.32</ele><time>2026-06-18T01:22:01Z</time></trkpt>
      <trkpt lat="36.1346254" lon="100.5509997"><ele>104.28</ele><time>2026-06-18T01:22:01Z</time></trkpt>
      <trkpt lat="36.1346535" lon="100.5510027"><ele>104.24</ele><time>2026-06-18T01:22:02Z</time></trkpt>
      <trkpt lat="36.1346807" lon="100.5510118"><ele>104.20</ele><time>2026-06-18T01:22:03Z</time></trkpt>
      <trkpt lat="36.1347063" lon="100.5510265"><ele>104.16</ele><time>2026-06-18T01:22:03Z</time></trkpt>
      <trkpt lat="36.1347294" lon="100.5510465"><ele>104.12</ele><time>2026-06-18T01:22:04Z</time></trkpt>
      <trkpt lat="36.1347493" lon="100.5510712"><ele>104.08</ele><time>2026-06-18T01:22:05Z</time></trkpt>
      <trkpt lat="36.1347655" lon="100.5510998"><ele>104.04</ele><time>2026-06-18T01:22:05Z</time></trkpt>
      <trkpt lat="36.1347774" lon="100.5511314"><ele>103.99</ele><time>2026-06-18T01:22:06Z</time></trkpt>
      <trkpt lat="36.1347847" lon="100.5511651"><ele>103.95</ele><time>2026-06-18T01:22:07Z</time></trkpt>
      <trkpt lat="36.1347871" lon="100.5511999"><ele>103.91</ele><time>2026-06-18T01:22:07Z</time></trkpt>
      <trkpt lat="36.1347871" lon="100.5512666"><ele>103.82</ele><time>2026-06-18T01:22:09Z</time></trkpt>
      <trkpt lat="36.1347871" lon="100.5513333"><ele>103.73</ele><time>2026-06-18T01:22:10Z</time></trkpt>
      <trkpt lat="36.1347871" lon="100.5513999"><ele>103.64</ele><time>2026-06-18T01:22:11Z</time></trkpt>
      <trkpt lat="36.1347871" lon="100.5514666"><ele>103.55</ele><time>2026-06-18T01:22:13Z</time></trkpt>
      <trkpt lat="36.1347871" lon="100.5515333"><ele>103.45</ele><time>2026-06-18T01:22:14Z</time></trkpt>
      <trkpt lat="36.1347871" lon="100.5516000"><ele>103.36</ele><time>2026-06-18T01:22:15Z</time></trkpt>
      <trkpt lat="36.1347871" lon="100.5516666"><ele>103.26</ele><time>2026-06-18T01:22:16Z</time></trkpt>
      <trkpt lat="36.1347871" lon="100.5517333"><ele>103.16</ele><time>2026-06-18T01:22:18Z</time></trkpt>
      <trkpt lat="36.1347871" lon="100.5518000"><ele>103.06</ele><time>2026-06-18T01:22:19Z</time></trkpt>
      <trkpt lat="36.1347871" lon="100.5518667"><ele>102.95</ele><time>2026-06-18T01:22:20Z</time></trkpt>
      <trkpt lat="36.1347871" lon="100.5519333"><ele>102.85</ele><time>2026-06-18T01:22:21Z</time></trkpt>
      <trkpt lat="36.1347871" lon="100.5520000"><ele>102.74</ele><time>2026-06-18T01:22:23Z</time></trkpt>
      <trkpt lat="36.1347871" lon="100.5520667"><ele>102.64</ele><time>2026-06-18T01:22:24Z</time></trkpt>
      <trkpt lat="36.1347871" lon="100.5521334"><ele>102.53</ele><time>2026-06-18T01:22:25Z</time></trkpt>
      <trkpt lat="36.1347871" lon="100.5522001"><ele>102.41</ele><time>2026-06-18T01:22:26Z</time></trkpt>
      <trkpt lat="36.1347871" lon="100.5522667"><ele>102.30</ele><time>2026-06-18T01:22:28Z</time></trkpt>
      <trkpt lat="36.1347871" lon="100.5523334"><ele>102.19</ele><time>2026-06-18T01:22:29Z</time></trkpt>
      <trkpt lat="36.1347871" lon="100.5524001"><ele>102.07</ele><time>2026-06-18T01:22:30Z</time></trkpt>
      <trkpt lat="36.1347871" lon="100.5524668"><ele>101.96</ele><time>2026-06-18T01:22:32Z</time></trkpt>
      <trkpt lat="36.1347871" lon="100.5525334"><ele>101.84</ele><time>2026-06-18T01:22:33Z</time></trkpt>
      <trkpt lat="36.1347871" lon="100.5526001"><ele>101.72</ele><time>2026-06-18T01:22:34Z</time></trkpt>
      <trkpt lat="36.1347871" lon="100.5526668"><ele>101.60</ele><time>2026-06-18T01:22:35Z</time></trkpt>
      <trkpt lat="36.1347871" lon="100.5527335"><ele>101.48</ele><time>2026-06-18T01:22:37Z</time></trkpt>
      <trkpt lat="36.1347871" lon="100.5528001"><ele>101.36</ele><time>2026-06-18T01:22:38Z</time></trkpt>
      <trkpt lat="36.1347871" lon="100.5528668"><ele>101.24</ele><time>2026-06-18T01:22:39Z</time></trkpt>
      <trkpt lat="36.1347871" lon="100.5529335"><ele>101.11</ele><time>2026-06-18T01:22:40Z</time></trkpt>
      <trkpt lat="36.1347871" lon="100.5530002"><ele>100.99</ele><time>2026-06-18T01:22:42Z</time></trkpt>
      <trkpt lat="36.1347871" lon="100.5530668"><ele>100.86</ele><time>2026-06-18T01:22:43Z</time></trkpt>
      <trkpt lat="36.1347871" lon="100.5531335"><ele>100.74</ele><time>2026-06-18T01:22:44Z</time></trkpt>
      <trkpt lat="36.1347871" lon="100.5532002"><ele>100.61</ele><time>2026-06-18T01:22:46Z</time></trkpt>
      <trkpt lat="36.1347871" lon="100.5532669"><ele>100.48</ele><time>2026-06-18T01:22:47Z</time></trkpt>
      <trkpt lat="36.1347871" lon="100.5533335"><ele>100.35</ele><time>2026-06-18T01:22:48Z</time></trkpt>
      <trkpt lat="36.1347871" lon="100.5534002"><ele>100.23</ele><time>2026-06-18T01:22:49Z</time></trkpt>
      <trkpt lat="36.1347871" lon="100.5534669"><ele>100.10</ele><time>2026-06-18T01:22:51Z</time></trkpt>
      <trkpt lat="36.1347871" lon="100.5535336"><ele>99.97</ele><time>2026-06-18T01:22:52Z</time></trkpt>
      <trkpt lat="36.1347871" lon="100.5536003"><ele>99.84</ele><time>2026-06-18T01:22:53Z</time></trkpt>
      <trkpt lat="36.1347871" lon="100.5536669"><ele>99.71</ele><time>2026-06-18T01:22:54Z</time></trkpt>
      <trkpt lat="36.1347871" lon="100.5537336"><ele>99.58</ele><time>2026-06-18T01:22:56Z</time></trkpt>
      <trkpt lat="36.1347871" lon="100.5538003"><ele>99.45</ele><time>2026-06-18T01:22:57Z</time></trkpt>
      <trkpt lat="36.1347871" lon="100.5538670"><ele>99.32</ele><time>2026-06-18T01:22:58Z</time></trkpt>
      <trkpt lat="36.1347871" lon="100.5539336"><ele>99.19</ele><time>2026-06-18T01:22:59Z</time></trkpt>
      <trkpt lat="36.1347871" lon="100.5540003"><ele>99.05</ele><time>2026-06-18T01:23:01Z</time></trkpt>
      <trkpt lat="36.1347871" lon="100.5540670"><ele>98.92</ele><time>2026-06-18T01:23:02Z</time></trkpt>
      <trkpt lat="36.1347871" lon="100.5541337"><ele>98.79</ele><time>2026-06-18T01:23:03Z</time></trkpt>
      <trkpt lat="36.1347871" lon="100.5542003"><ele>98.66</ele><time>2026-06-18T01:23:05Z</time></trkpt>
      <trkpt lat="36.1347871" lon="100.5542670"><ele>98.53</ele><time>2026-06-18T01:23:06Z</time></trkpt>
      <trkpt lat="36.1347871" lon="100.5543337"><ele>98.40</ele><time>2026-06-18T01:23:07Z</time></trkpt>
      <trkpt lat="36.1347871" lon="100.5544004"><ele>98.27</ele><time>2026-06-18T01:23:08Z</time></trkpt>
      <trkpt lat="36.1347871" lon="100.5544670"><ele>98.14</ele><time>2026-06-18T01:23:10Z</time></trkpt>
      <trkpt lat="36.1347871" lon="100.5545337"><ele>98.01</ele><time>2026-06-18T01:23:11Z</time></trkpt>
      <trkpt lat="36.1347871" lon="100.5546004"><ele>97.89</ele><time>2026-06-18T01:23:12Z</time></trkpt>
      <trkpt lat="36.1347871" lon="100.5546671"><ele>97.76</ele><time>2026-06-18T01:23:13Z</time></trkpt>
      <trkpt lat="36.1347871" lon="100.5547338"><ele>97.63</ele><time>2026-06-18T01:23:15Z</time></trkpt>
      <trkpt lat="36.1347871" lon="100.5548004"><ele>97.50</ele><time>2026-06-18T01:23:16Z</time></trkpt>
      <trkpt lat="36.1347871" lon="100.5548671"><ele>97.38</ele><time>2026-06-18T01:23:17Z</time></trkpt>
      <trkpt lat="36.1347871" lon="100.5549338"><ele>97.25</ele><time>2026-06-18T01:23:18Z</time></trkpt>
      <trkpt lat="36.1347871" lon="100.5550005"><ele>97.13</ele><time>2026-06-18T01:23:20Z</time></trkpt>
      <trkpt lat="36.1347871" lon="100.5550671"><ele>97.00</ele><time>2026-06-18T01:23:21Z</time></trkpt>
      <trkpt lat="36.1347871" lon="100.5551338"><ele>96.88</ele><time>2026-06-18T01:23:22Z</time></trkpt>
      <trkpt lat="36.1347871" lon="100.5552005"><ele>96.76</ele><time>2026-06-18T01:23:24Z</time></trkpt>
      <trkpt lat="36.1347871" lon="100.5552672"><ele>96.64</ele><time>2026-06-18T01:23:25Z</time></trkpt>
      <trkpt lat="36.1347871" lon="100.5553338"><ele>96.52</ele><time>2026-06-18T01:23:26Z</time></trkpt>
      <trkpt lat="36.1347871" lon="100.5554005"><ele>96.40</ele><time>2026-06-18T01:23:27Z</time></trkpt>
      <trkpt lat="36.1347871" lon="100.5554672"><ele>96.28</ele><time>2026-06-18T01:23:29Z</time></trkpt>
      <trkpt lat="36.1347871" lon="100.5555339"><ele>96.16</ele><time>2026-06-18T01:23:30Z</time></trkpt>
      <trkpt lat="36.1347871" lon="100.5556005"><ele>96.04</ele><time>2026-06-18T01:23:31Z</time></trkpt>
      <trkpt lat="36.1347871" lon="100.5556672"><ele>95.93</ele><time>2026-06-18T01:23:32Z</time></trkpt>
      <trkpt lat="36.1347871" lon="100.5557339"><ele>95.81</ele><time>2026-06-18T01:23:34Z</time></trkpt>
      <trkpt lat="36.1347871" lon="100.5558006"><ele>95.70</ele><time>2026-06-18T01:23:35Z</time></trkpt>
      <trkpt lat="36.1347871" lon="100.5558672"><ele>95.59</ele><time>2026-06-18T01:23:36Z</time></trkpt>
      <trkpt lat="36.1347871" lon="100.5559339"><ele>95.48</ele><time>2026-06-18T01:23:37Z</time></trkpt>
      <trkpt lat="36.1347871" lon="100.5560006"><ele>95.37</ele><time>2026-06-18T01:23:39Z</time></trkpt>
      <trkpt lat="36.1347871" lon="100.5560673"><ele>95.26</ele><time>2026-06-18T01:23:40Z</time></trkpt>
      <trkpt lat="36.1347871" lon="100.5561340"><ele>95.16</ele><time>2026-06-18T01:23:41Z</time></trkpt>
      <trkpt lat="36.1347871" lon="100.5562006"><ele>95.05</ele><time>2026-06-18T01:23:43Z</time></trkpt>
      <trkpt lat="36.1347871" lon="100.5562673"><ele>94.95</ele><time>2026-06-18T01:23:44Z</time></trkpt>
      <trkpt lat="36.1347871" lon="100.5563340"><ele>94.85</ele><time>2026-06-18T01:23:45Z</time></trkpt>
      <trkpt lat="36.1347871" lon="100.5564007"><ele>94.75</ele><time>2026-06-18T01:23:46Z</time></trkpt>
      <trkpt lat="36.1347871" lon="100.5564673"><ele>94.65</ele><time>2026-06-18T01:23:48Z</time></trkpt>
      <trkpt lat="36.1347871" lon="100.5565340"><ele>94.55</ele><time>2026-06-18T01:23:49Z</time></trkpt>
      <trkpt lat="36.1347871" lon="100.5566007"><ele>94.46</ele><time>2026-06-18T01:23:50Z</time></trkpt>
      <trkpt lat="36.1347871" lon="100.5566674"><ele>94.36</ele><time>2026-06-18T01:23:51Z</time></trkpt>
      <trkpt lat="36.1347871" lon="100.5567340"><ele>94.27</ele><time>2026-06-18T01:23:53Z</time></trkpt>
      <trkpt lat="36.1347871" lon="100.5568007"><ele>94.18</ele><time>2026-06-18T01:23:54Z</time></trkpt>
      <trkpt lat="36.1347871" lon="100.5568674"><ele>94.09</ele><time>2026-06-18T01:23:55Z</time></trkpt>
      <trkpt lat="36.1347871" lon="100.5569341"><ele>94.00</ele><time>2026-06-18T01:23:57Z</time></trkpt>
      <trkpt lat="36.1347896" lon="100.5569688"><ele>93.95</ele><time>2026-06-18T01:23:57Z</time></trkpt>
      <trkpt lat="36.1347969" lon="100.5570025"><ele>93.91</ele><time>2026-06-18T01:23:58Z</time></trkpt>
      <trkpt lat="36.1348088" lon="100.5570342"><ele>93.87</ele><time>2026-06-18T01:23:59Z</time></trkpt>
      <trkpt lat="36.1348250" lon="100.5570628"><ele>93.82</ele><time>2026-06-18T01:23:59Z</time></trkpt>
      <trkpt lat="36.1348449" lon="100.5570874"><ele>93.78</ele><time>2026-06-18T01:24:00Z</time></trkpt>
      <trkpt lat="36.1348680" lon="100.5571075"><ele>93.74</ele><time>2026-06-18T01:24:00Z</time></trkpt>
      <trkpt lat="36.1348935" lon="100.5571222"><ele>93.69</ele><time>2026-06-18T01:24:01Z</time></trkpt>
      <trkpt lat="36.1349208" lon="100.5571312"><ele>93.65</ele><time>2026-06-18T01:24:02Z</time></trkpt>
      <trkpt lat="36.1349488" lon="100.5571343"><ele>93.61</ele><time>2026-06-18T01:24:02Z</time></trkpt>
      <trkpt lat="36.1349769" lon="100.5571312"><ele>93.57</ele><time>2026-06-18T01:24:03Z</time></trkpt>
      <trkpt lat="36.1350041" lon="100.5571222"><ele>93.53</ele><time>2026-06-18T01:24:04Z</time></trkpt>
      <trkpt lat="36.1350297" lon="100.5571075"><ele>93.49</ele><time>2026-06-18T01:24:04Z</time></trkpt>
      <trkpt lat="36.1350528" lon="100.5570874"><ele>93.45</ele><time>2026-06-18T01:24:05Z</time></trkpt>
      <trkpt lat="36.1350727" lon="100.5570628"><ele>93.41</ele><time>2026-06-18T01:24:06Z</time></trkpt>
      <trkpt lat="36.1350889" lon="100.5570342"><ele>93.37</ele><time>2026-06-18T01:24:06Z</time></trkpt>
      <trkpt lat="36.1351008" lon="100.5570025"><ele>93.33</ele><time>2026-06-18T01:24:07Z</time></trkpt>
      <trkpt lat="36.1351081" lon="100.5569688"><ele>93.29</ele><time>2026-06-18T01:24:08Z</time></trkpt>
      <trkpt lat="36.1351105" lon="100.5569341"><ele>93.26</ele><time>2026-06-18T01:24:08Z</time></trkpt>
      <trkpt lat="36.1351105" lon="100.5568674"><ele>93.19</ele><time>2026-06-18T01:24:10Z</time></trkpt>
      <trkpt lat="36.1351105" lon="100.5568007"><ele>93.12</ele><time>2026-06-18T01:24:11Z</time></trkpt>
      <trkpt lat="36.1351105" lon="100.5567340"><ele>93.05</ele><time>2026-06-18T01:24:12Z</time></trkpt>
      <trkpt lat="36.1351105" lon="100.5566674"><ele>92.99</ele><time>2026-06-18T01:24:14Z</time></trkpt>
      <trkpt lat="36.1351105" lon="100.5566007"><ele>92.92</ele><time>2026-06-18T01:24:15Z</time></trkpt>
      <trkpt lat="36.1351105" lon="100.5565340"><ele>92.86</ele><time>2026-06-18T01:24:16Z</time></trkpt>
      <trkpt lat="36.1351105" lon="100.5564673"><ele>92.80</ele><time>2026-06-18T01:24:17Z</time></trkpt>
      <trkpt lat="36.1351105" lon="100.5564007"><ele>92.74</ele><time>2026-06-18T01:24:19Z</time></trkpt>
      <trkpt lat="36.1351105" lon="100.5563340"><ele>92.69</ele><time>2026-06-18T01:24:20Z</time></trkpt>
      <trkpt lat="36.1351105" lon="100.5562673"><ele>92.63</ele><time>2026-06-18T01:24:21Z</time></trkpt>
      <trkpt lat="36.1351105" lon="100.5562006"><ele>92.58</ele><time>2026-06-18T01:24:22Z</time></trkpt>
      <trkpt lat="36.1351105" lon="100.5561340"><ele>92.53</ele><time>2026-06-18T01:24:24Z</time></trkpt>
      <trkpt lat="36.1351105" lon="100.5560673"><ele>92.48</ele><time>2026-06-18T01:24:25Z</time></trkpt>
      <trkpt lat="36.1351105" lon="100.5560006"><ele>92.43</ele><time>2026-06-18T01:24:26Z</time></trkpt>
      <trkpt lat="36.1351105" lon="100.5559339"><ele>92.38</ele><time>2026-06-18T01:24:27Z</time></trkpt>
      <trkpt lat="36.1351105" lon="100.5558672"><ele>92.34</ele><time>2026-06-18T01:24:29Z</time></trkpt>
      <trkpt lat="36.1351105" lon="100.5558006"><ele>92.30</ele><time>2026-06-18T01:24:30Z</time></trkpt>
      <trkpt lat="36.1351105" lon="100.5557339"><ele>92.25</ele><time>2026-06-18T01:24:31Z</time></trkpt>
      <trkpt lat="36.1351105" lon="100.5556672"><ele>92.21</ele><time>2026-06-18T01:24:33Z</time></trkpt>
      <trkpt lat="36.1351105" lon="100.5556005"><ele>92.18</ele><time>2026-06-18T01:24:34Z</time></trkpt>
      <trkpt lat="36.1351105" lon="100.5555339"><ele>92.14</ele><time>2026-06-18T01:24:35Z</time></trkpt>
      <trkpt lat="36.1351105" lon="100.5554672"><ele>92.10</ele><time>2026-06-18T01:24:36Z</time></trkpt>
      <trkpt lat="36.1351105" lon="100.5554005"><ele>92.07</ele><time>2026-06-18T01:24:38Z</time></trkpt>
      <trkpt lat="36.1351105" lon="100.5553338"><ele>92.04</ele><time>2026-06-18T01:24:39Z</time></trkpt>
      <trkpt lat="36.1351105" lon="100.5552672"><ele>92.00</ele><time>2026-06-18T01:24:40Z</time></trkpt>
      <trkpt lat="36.1351105" lon="100.5552005"><ele>91.97</ele><time>2026-06-18T01:24:41Z</time></trkpt>
      <trkpt lat="36.1351105" lon="100.5551338"><ele>91.95</ele><time>2026-06-18T01:24:43Z</time></trkpt>
      <trkpt lat="36.1351105" lon="100.5550671"><ele>91.92</ele><time>2026-06-18T01:24:44Z</time></trkpt>
      <trkpt lat="36.1351105" lon="100.5550004"><ele>91.89</ele><time>2026-06-18T01:24:45Z</time></trkpt>
      <trkpt lat="36.1351105" lon="100.5549338"><ele>91.87</ele><time>2026-06-18T01:24:47Z</time></trkpt>
      <trkpt lat="36.1351105" lon="100.5548671"><ele>91.84</ele><time>2026-06-18T01:24:48Z</time></trkpt>
      <trkpt lat="36.1351105" lon="100.5548004"><ele>91.82</ele><time>2026-06-18T01:24:49Z</time></trkpt>
      <trkpt lat="36.1351105" lon="100.5547337"><ele>91.80</ele><time>2026-06-18T01:24:50Z</time></trkpt>
      <trkpt lat="36.1351105" lon="100.5546671"><ele>91.78</ele><time>2026-06-18T01:24:52Z</time></trkpt>
      <trkpt lat="36.1351105" lon="100.5546004"><ele>91.76</ele><time>2026-06-18T01:24:53Z</time></trkpt>
      <trkpt lat="36.1351105" lon="100.5545337"><ele>91.74</ele><time>2026-06-18T01:24:54Z</time></trkpt>
      <trkpt lat="36.1351105" lon="100.5544670"><ele>91.73</ele><time>2026-06-18T01:24:55Z</time></trkpt>
      <trkpt lat="36.1351105" lon="100.5544004"><ele>91.71</ele><time>2026-06-18T01:24:57Z</time></trkpt>
      <trkpt lat="36.1351105" lon="100.5543337"><ele>91.70</ele><time>2026-06-18T01:24:58Z</time></trkpt>
      <trkpt lat="36.1351105" lon="100.5542670"><ele>91.68</ele><time>2026-06-18T01:24:59Z</time></trkpt>
      <trkpt lat="36.1351105" lon="100.5542003"><ele>91.67</ele><time>2026-06-18T01:25:00Z</time></trkpt>
      <trkpt lat="36.1351105" lon="100.5541337"><ele>91.66</ele><time>2026-06-18T01:25:02Z</time></trkpt>
      <trkpt lat="36.1351105" lon="100.5540670"><ele>91.65</ele><time>2026-06-18T01:25:03Z</time></trkpt>
      <trkpt lat="36.1351105" lon="100.5540003"><ele>91.64</ele><time>2026-06-18T01:25:04Z</time></trkpt>
      <trkpt lat="36.1351105" lon="100.5539336"><ele>91.63</ele><time>2026-06-18T01:25:06Z</time></trkpt>
      <trkpt lat="36.1351105" lon="100.5538669"><ele>91.62</ele><time>2026-06-18T01:25:07Z</time></trkpt>
      <trkpt lat="36.1351105" lon="100.5538003"><ele>91.61</ele><time>2026-06-18T01:25:08Z</time></trkpt>
      <trkpt lat="36.1351105" lon="100.5537336"><ele>91.60</ele><time>2026-06-18T01:25:09Z</time></trkpt>
      <trkpt lat="36.1351105" lon="100.5536669"><ele>91.60</ele><time>2026-06-18T01:25:11Z</time></trkpt>
      <trkpt lat="36.1351105" lon="100.5536002"><ele>91.59</ele><time>2026-06-18T01:25:12Z</time></trkpt>
      <trkpt lat="36.1351105" lon="100.5535336"><ele>91.58</ele><time>2026-06-18T01:25:13Z</time></trkpt>
      <trkpt lat="36.1351105" lon="100.5534669"><ele>91.58</ele><time>2026-06-18T01:25:14Z</time></trkpt>
      <trkpt lat="36.1351105" lon="100.5534002"><ele>91.57</ele><time>2026-06-18T01:25:16Z</time></trkpt>
      <trkpt lat="36.1351105" lon="100.5533335"><ele>91.57</ele><time>2026-06-18T01:25:17Z</time></trkpt>
      <trkpt lat="36.1351105" lon="100.5532669"><ele>91.57</ele><time>2026-06-18T01:25:18Z</time></trkpt>
      <trkpt lat="36.1351105" lon="100.5532002"><ele>91.56</ele><time>2026-06-18T01:25:19Z</time></trkpt>
      <trkpt lat="36.1351105" lon="100.5531335"><ele>91.56</ele><time>2026-06-18T01:25:21Z</time></trkpt>
      <trkpt lat="36.1351105" lon="100.5530668"><ele>91.55</ele><time>2026-06-18T01:25:22Z</time></trkpt>
      <trkpt lat="36.1351105" lon="100.5530002"><ele>91.55</ele><time>2026-06-18T01:25:23Z</time></trkpt>
      <trkpt lat="36.1351105" lon="100.5529335"><ele>91.55</ele><time>2026-06-18T01:25:25Z</time></trkpt>
      <trkpt lat="36.1351105" lon="100.5528668"><ele>91.55</ele><time>2026-06-18T01:25:26Z</time></trkpt>
      <trkpt lat="36.1351105" lon="100.5528001"><ele>91.54</ele><time>2026-06-18T01:25:27Z</time></trkpt>
      <trkpt lat="36.1351105" lon="100.5527334"><ele>91.54</ele><time>2026-06-18T01:25:28Z</time></trkpt>
      <trkpt lat="36.1351105" lon="100.5526668"><ele>91.54</ele><time>2026-06-18T01:25:30Z</time></trkpt>
      <trkpt lat="36.1351105" lon="100.5526001"><ele>91.54</ele><time>2026-06-18T01:25:31Z</time></trkpt>
      <trkpt lat="36.1351105" lon="100.5525334"><ele>91.53</ele><time>2026-06-18T01:25:32Z</time></trkpt>
      <trkpt lat="36.1351105" lon="100.5524667"><ele>91.53</ele><time>2026-06-18T01:25:33Z</time></trkpt>
      <trkpt lat="36.1351105" lon="100.5524001"><ele>91.53</ele><time>2026-06-18T01:25:35Z</time></trkpt>
      <trkpt lat="36.1351105" lon="100.5523334"><ele>91.53</ele><time>2026-06-18T01:25:36Z</time></trkpt>
      <trkpt lat="36.1351105" lon="100.5522667"><ele>91.52</ele><time>2026-06-18T01:25:37Z</time></trkpt>
      <trkpt lat="36.1351105" lon="100.5522000"><ele>91.52</ele><time>2026-06-18T01:25:38Z</time></trkpt>
      <trkpt lat="36.1351105" lon="100.5521334"><ele>91.52</ele><time>2026-06-18T01:25:40Z</time></trkpt>
      <trkpt lat="36.1351105" lon="100.5520667"><ele>91.51</ele><time>2026-06-18T01:25:41Z</time></trkpt>
      <trkpt lat="36.1351105" lon="100.5520000"><ele>91.51</ele><time>2026-06-18T01:25:42Z</time></trkpt>
      <trkpt lat="36.1351105" lon="100.5519333"><ele>91.50</ele><time>2026-06-18T01:25:44Z</time></trkpt>
      <trkpt lat="36.1351105" lon="100.5518666"><ele>91.50</ele><time>2026-06-18T01:25:45Z</time></trkpt>
      <trkpt lat="36.1351105" lon="100.5518000"><ele>91.49</ele><time>2026-06-18T01:25:46Z</time></trkpt>
      <trkpt lat="36.1351105" lon="100.5517333"><ele>91.49</ele><time>2026-06-18T01:25:47Z</time></trkpt>
      <trkpt lat="36.1351105" lon="100.5516666"><ele>91.48</ele><time>2026-06-18T01:25:49Z</time></trkpt>
      <trkpt lat="36.1351105" lon="100.5515999"><ele>91.48</ele><time>2026-06-18T01:25:50Z</time></trkpt>
      <trkpt lat="36.1351105" lon="100.5515333"><ele>91.47</ele><time>2026-06-18T01:25:51Z</time></trkpt>
      <trkpt lat="36.1351105" lon="100.5514666"><ele>91.46</ele><time>2026-06-18T01:25:52Z</time></trkpt>
      <trkpt lat="36.1351105" lon="100.5513999"><ele>91.45</ele><time>2026-06-18T01:25:54Z</time></trkpt>
      <trkpt lat="36.1351105" lon="100.5513332"><ele>91.45</ele><time>2026-06-18T01:25:55Z</time></trkpt>
      <trkpt lat="36.1351105" lon="100.5512666"><ele>91.44</ele><time>2026-06-18T01:25:56Z</time></trkpt>
      <trkpt lat="36.1351105" lon="100.5511999"><ele>91.43</ele><time>2026-06-18T01:25:58Z</time></trkpt>
      <trkpt lat="36.1351130" lon="100.5511651"><ele>91.42</ele><time>2026-06-18T01:25:58Z</time></trkpt>
      <trkpt lat="36.1351203" lon="100.5511314"><ele>91.42</ele><time>2026-06-18T01:25:59Z</time></trkpt>
      <trkpt lat="36.1351322" lon="100.5510998"><ele>91.41</ele><time>2026-06-18T01:26:00Z</time></trkpt>
      <trkpt lat="36.1351484" lon="100.5510712"><ele>91.40</ele><time>2026-06-18T01:26:00Z</time></trkpt>
      <trkpt lat="36.1351683" lon="100.5510465"><ele>91.40</ele><time>2026-06-18T01:26:01Z</time></trkpt>
      <trkpt lat="36.1351914" lon="100.5510265"><ele>91.39</ele><time>2026-06-18T01:26:01Z</time></trkpt>
      <trkpt lat="36.1352169" lon="100.5510117"><ele>91.39</ele><time>2026-06-18T01:26:02Z</time></trkpt>
      <trkpt lat="36.1352441" lon="100.5510027"><ele>91.38</ele><time>2026-06-18T01:26:03Z</time></trkpt>
      <trkpt lat="36.1352722" lon="100.5509997"><ele>91.37</ele><time>2026-06-18T01:26:03Z</time></trkpt>
      <trkpt lat="36.1353003" lon="100.5510027"><ele>91.36</ele><time>2026-06-18T01:26:04Z</time></trkpt>
      <trkpt lat="36.1353275" lon="100.5510117"><ele>91.36</ele><time>2026-06-18T01:26:05Z</time></trkpt>
      <trkpt lat="36.1353531" lon="100.5510265"><ele>91.35</ele><time>2026-06-18T01:26:05Z</time></trkpt>
      <trkpt lat="36.1353762" lon="100.5510465"><ele>91.34</ele><time>2026-06-18T01:26:06Z</time></trkpt>
      <trkpt lat="36.1353961" lon="100.5510712"><ele>91.33</ele><time>2026-06-18T01:26:07Z</time></trkpt>
      <trkpt lat="36.1354123" lon="100.5510998"><ele>91.33</ele><time>2026-06-18T01:26:07Z</time></trkpt>
      <trkpt lat="36.1354242" lon="100.5511314"><ele>91.32</ele><time>2026-06-18T01:26:08Z</time></trkpt>
      <trkpt lat="36.1354315" lon="100.5511651"><ele>91.31</ele><time>2026-06-18T01:26:09Z</time></trkpt>
      <trkpt lat="36.1354339" lon="100.5511999"><ele>91.30</ele><time>2026-06-18T01:26:09Z</time></trkpt>
      <trkpt lat="36.1354339" lon="100.5512666"><ele>91.28</ele><time>2026-06-18T01:26:11Z</time></trkpt>
      <trkpt lat="36.1354339" lon="100.5513332"><ele>91.27</ele><time>2026-06-18T01:26:12Z</time></trkpt>
      <trkpt lat="36.1354339" lon="100.5513999"><ele>91.25</ele><time>2026-06-18T01:26:13Z</time></trkpt>
      <trkpt lat="36.1354339" lon="100.5514666"><ele>91.23</ele><time>2026-06-18T01:26:15Z</time></trkpt>
      <trkpt lat="36.1354339" lon="100.5515333"><ele>91.21</ele><time>2026-06-18T01:26:16Z</time></trkpt>
      <trkpt lat="36.1354339" lon="100.5515999"><ele>91.19</ele><time>2026-06-18T01:26:17Z</time></trkpt>
      <trkpt lat="36.1354339" lon="100.5516666"><ele>91.16</ele><time>2026-06-18T01:26:18Z</time></trkpt>
      <trkpt lat="36.1354339" lon="100.5517333"><ele>91.14</ele><time>2026-06-18T01:26:20Z</time></trkpt>
      <trkpt lat="36.1354339" lon="100.5518000"><ele>91.12</ele><time>2026-06-18T01:26:21Z</time></trkpt>
      <trkpt lat="36.1354339" lon="100.5518667"><ele>91.09</ele><time>2026-06-18T01:26:22Z</time></trkpt>
      <trkpt lat="36.1354339" lon="100.5519333"><ele>91.07</ele><time>2026-06-18T01:26:23Z</time></trkpt>
      <trkpt lat="36.1354339" lon="100.5520000"><ele>91.04</ele><time>2026-06-18T01:26:25Z</time></trkpt>
      <trkpt lat="36.1354339" lon="100.5520667"><ele>91.02</ele><time>2026-06-18T01:26:26Z</time></trkpt>
      <trkpt lat="36.1354339" lon="100.5521334"><ele>90.99</ele><time>2026-06-18T01:26:27Z</time></trkpt>
      <trkpt lat="36.1354339" lon="100.5522000"><ele>90.96</ele><time>2026-06-18T01:26:28Z</time></trkpt>
      <trkpt lat="36.1354339" lon="100.5522667"><ele>90.93</ele><time>2026-06-18T01:26:30Z</time></trkpt>
      <trkpt lat="36.1354339" lon="100.5523334"><ele>90.90</ele><time>2026-06-18T01:26:31Z</time></trkpt>
      <trkpt lat="36.1354339" lon="100.5524001"><ele>90.87</ele><time>2026-06-18T01:26:32Z</time></trkpt>
      <trkpt lat="36.1354339" lon="100.5524667"><ele>90.84</ele><time>2026-06-18T01:26:34Z</time></trkpt>
      <trkpt lat="36.1354339" lon="100.5525334"><ele>90.81</ele><time>2026-06-18T01:26:35Z</time></trkpt>
      <trkpt lat="36.1354339" lon="100.5526001"><ele>90.77</ele><time>2026-06-18T01:26:36Z</time></trkpt>
      <trkpt lat="36.1354339" lon="100.5526668"><ele>90.74</ele><time>2026-06-18T01:26:37Z</time></trkpt>
      <trkpt lat="36.1354339" lon="100.5527335"><ele>90.71</ele><time>2026-06-18T01:26:39Z</time></trkpt>
      <trkpt lat="36.1354339" lon="100.5528001"><ele>90.67</ele><time>2026-06-18T01:26:40Z</time></trkpt>
      <trkpt lat="36.1354339" lon="100.5528668"><ele>90.63</ele><time>2026-06-18T01:26:41Z</time></trkpt>
      <trkpt lat="36.1354339" lon="100.5529335"><ele>90.60</ele><time>2026-06-18T01:26:42Z</time></trkpt>
      <trkpt lat="36.1354339" lon="100.5530002"><ele>90.56</ele><time>2026-06-18T01:26:44Z</time></trkpt>
      <trkpt lat="36.1354339" lon="100.5530668"><ele>90.52</ele><time>2026-06-18T01:26:45Z</time></trkpt>
      <trkpt lat="36.1354339" lon="100.5531335"><ele>90.49</ele><time>2026-06-18T01:26:46Z</time></trkpt>
      <trkpt lat="36.1354339" lon="100.5532002"><ele>90.45</ele><time>2026-06-18T01:26:47Z</time></trkpt>
      <trkpt lat="36.1354339" lon="100.5532669"><ele>90.41</ele><time>2026-06-18T01:26:49Z</time></trkpt>
      <trkpt lat="36.1354339" lon="100.5533335"><ele>90.37</ele><time>2026-06-18T01:26:50Z</time></trkpt>
      <trkpt lat="36.1354339" lon="100.5534002"><ele>90.33</ele><time>2026-06-18T01:26:51Z</time></trkpt>
      <trkpt lat="36.1354339" lon="100.5534669"><ele>90.29</ele><time>2026-06-18T01:26:53Z</time></trkpt>
      <trkpt lat="36.1354339" lon="100.5535336"><ele>90.24</ele><time>2026-06-18T01:26:54Z</time></trkpt>
      <trkpt lat="36.1354339" lon="100.5536002"><ele>90.20</ele><time>2026-06-18T01:26:55Z</time></trkpt>
      <trkpt lat="36.1354339" lon="100.5536669"><ele>90.16</ele><time>2026-06-18T01:26:56Z</time></trkpt>
      <trkpt lat="36.1354339" lon="100.5537336"><ele>90.12</ele><time>2026-06-18T01:26:58Z</time></trkpt>
      <trkpt lat="36.1354339" lon="100.5538003"><ele>90.08</ele><time>2026-06-18T01:26:59Z</time></trkpt>
      <trkpt lat="36.1354339" lon="100.5538670"><ele>90.03</ele><time>2026-06-18T01:27:00Z</time></trkpt>
      <trkpt lat="36.1354339" lon="100.5539336"><ele>89.99</ele><time>2026-06-18T01:27:01Z</time></trkpt>
      <trkpt lat="36.1354339" lon="100.5540003"><ele>89.95</ele><time>2026-06-18T01:27:03Z</time></trkpt>
      <trkpt lat="36.1354339" lon="100.5540670"><ele>89.90</ele><time>2026-06-18T01:27:04Z</time></trkpt>
      <trkpt lat="36.1354339" lon="100.5541337"><ele>89.86</ele><time>2026-06-18T01:27:05Z</time></trkpt>
      <trkpt lat="36.1354339" lon="100.5542003"><ele>89.81</ele><time>2026-06-18T01:27:07Z</time></trkpt>
      <trkpt lat="36.1354339" lon="100.5542670"><ele>89.77</ele><time>2026-06-18T01:27:08Z</time></trkpt>
      <trkpt lat="36.1354339" lon="100.5543337"><ele>89.73</ele><time>2026-06-18T01:27:09Z</time></trkpt>
      <trkpt lat="36.1354339" lon="100.5544004"><ele>89.68</ele><time>2026-06-18T01:27:10Z</time></trkpt>
      <trkpt lat="36.1354339" lon="100.5544670"><ele>89.64</ele><time>2026-06-18T01:27:12Z</time></trkpt>
      <trkpt lat="36.1354339" lon="100.5545337"><ele>89.59</ele><time>2026-06-18T01:27:13Z</time></trkpt>
      <trkpt lat="36.1354339" lon="100.5546004"><ele>89.55</ele><time>2026-06-18T01:27:14Z</time></trkpt>
      <trkpt lat="36.1354339" lon="100.5546671"><ele>89.51</ele><time>2026-06-18T01:27:15Z</time></trkpt>
      <trkpt lat="36.1354339" lon="100.5547338"><ele>89.46</ele><time>2026-06-18T01:27:17Z</time></trkpt>
      <trkpt lat="36.1354339" lon="100.5548004"><ele>89.42</ele><time>2026-06-18T01:27:18Z</time></trkpt>
      <trkpt lat="36.1354339" lon="100.5548671"><ele>89.38</ele><time>2026-06-18T01:27:19Z</time></trkpt>
      <trkpt lat="36.1354339" lon="100.5549338"><ele>89.33</ele><time>2026-06-18T01:27:20Z</time></trkpt>
      <trkpt lat="36.1354339" lon="100.5550005"><ele>89.29</ele><time>2026-06-18T01:27:22Z</time></trkpt>
      <trkpt lat="36.1354339" lon="100.5550671"><ele>89.25</ele><time>2026-06-18T01:27:23Z</time></trkpt>
      <trkpt lat="36.1354339" lon="100.5551338"><ele>89.21</ele><time>2026-06-18T01:27:24Z</time></trkpt>
      <trkpt lat="36.1354339" lon="100.5552005"><ele>89.17</ele><time>2026-06-18T01:27:26Z</time></trkpt>
      <trkpt lat="36.1354339" lon="100.5552672"><ele>89.13</ele><time>2026-06-18T01:27:27Z</time></trkpt>
      <trkpt lat="36.1354339" lon="100.5553338"><ele>89.09</ele><time>2026-06-18T01:27:28Z</time></trkpt>
      <trkpt lat="36.1354339" lon="100.5554005"><ele>89.05</ele><time>2026-06-18T01:27:29Z</time></trkpt>
      <trkpt lat="36.1354339" lon="100.5554672"><ele>89.01</ele><time>2026-06-18T01:27:31Z</time></trkpt>
      <trkpt lat="36.1354339" lon="100.5555339"><ele>88.97</ele><time>2026-06-18T01:27:32Z</time></trkpt>
      <trkpt lat="36.1354339" lon="100.5556006"><ele>88.93</ele><time>2026-06-18T01:27:33Z</time></trkpt>
      <trkpt lat="36.1354339" lon="100.5556672"><ele>88.90</ele><time>2026-06-18T01:27:34Z</time></trkpt>
      <trkpt lat="36.1354339" lon="100.5557339"><ele>88.86</ele><time>2026-06-18T01:27:36Z</time></trkpt>
      <trkpt lat="36.1354339" lon="100.5558006"><ele>88.83</ele><time>2026-06-18T01:27:37Z</time></trkpt>
      <trkpt lat="36.1354339" lon="100.5558673"><ele>88.79</ele><time>2026-06-18T01:27:38Z</time></trkpt>
      <trkpt lat="36.1354339" lon="100.5559339"><ele>88.76</ele><time>2026-06-18T01:27:39Z</time></trkpt>
      <trkpt lat="36.1354339" lon="100.5560006"><ele>88.73</ele><time>2026-06-18T01:27:41Z</time></trkpt>
      <trkpt lat="36.1354339" lon="100.5560673"><ele>88.70</ele><time>2026-06-18T01:27:42Z</time></trkpt>
      <trkpt lat="36.1354339" lon="100.5561340"><ele>88.67</ele><time>2026-06-18T01:27:43Z</time></trkpt>
      <trkpt lat="36.1354339" lon="100.5562006"><ele>88.64</ele><time>2026-06-18T01:27:45Z</time></trkpt>
      <trkpt lat="36.1354339" lon="100.5562673"><ele>88.61</ele><time>2026-06-18T01:27:46Z</time></trkpt>
      <trkpt lat="36.1354339" lon="100.5563340"><ele>88.59</ele><time>2026-06-18T01:27:47Z</time></trkpt>
      <trkpt lat="36.1354339" lon="100.5564007"><ele>88.56</ele><time>2026-06-18T01:27:48Z</time></trkpt>
      <trkpt lat="36.1354339" lon="100.5564674"><ele>88.54</ele><time>2026-06-18T01:27:50Z</time></trkpt>
      <trkpt lat="36.1354339" lon="100.5565340"><ele>88.52</ele><time>2026-06-18T01:27:51Z</time></trkpt>
      <trkpt lat="36.1354339" lon="100.5566007"><ele>88.50</ele><time>2026-06-18T01:27:52Z</time></trkpt>
      <trkpt lat="36.1354339" lon="100.5566674"><ele>88.48</ele><time>2026-06-18T01:27:53Z</time></trkpt>
      <trkpt lat="36.1354339" lon="100.5567341"><ele>88.46</ele><time>2026-06-18T01:27:55Z</time></trkpt>
      <trkpt lat="36.1354339" lon="100.5568007"><ele>88.44</ele><time>2026-06-18T01:27:56Z</time></trkpt>
      <trkpt lat="36.1354339" lon="100.5568674"><ele>88.43</ele><time>2026-06-18T01:27:57Z</time></trkpt>
      <trkpt lat="36.1354339" lon="100.5569341"><ele>88.41</ele><time>2026-06-18T01:27:59Z</time></trkpt>
      <trkpt lat="36.1354364" lon="100.5569689"><ele>88.41</ele><time>2026-06-18T01:27:59Z</time></trkpt>
      <trkpt lat="36.1354437" lon="100.5570026"><ele>88.40</ele><time>2026-06-18T01:28:00Z</time></trkpt>
      <trkpt lat="36.1354556" lon="100.5570342"><ele>88.40</ele><time>2026-06-18T01:28:00Z</time></trkpt>
      <trkpt lat="36.1354717" lon="100.5570628"><ele>88.39</ele><time>2026-06-18T01:28:01Z</time></trkpt>
      <trkpt lat="36.1354917" lon="100.5570875"><ele>88.39</ele><time>2026-06-18T01:28:02Z</time></trkpt>
      <trkpt lat="36.1355148" lon="100.5571075"><ele>88.38</ele><time>2026-06-18T01:28:02Z</time></trkpt>
      <trkpt lat="36.1355403" lon="100.5571222"><ele>88.38</ele><time>2026-06-18T01:28:03Z</time></trkpt>
      <trkpt lat="36.1355675" lon="100.5571313"><ele>88.38</ele><time>2026-06-18T01:28:04Z</time></trkpt>
      <trkpt lat="36.1355956" lon="100.5571343"><ele>88.37</ele><time>2026-06-18T01:28:04Z</time></trkpt>
      <trkpt lat="36.1356237" lon="100.5571313"><ele>88.37</ele><time>2026-06-18T01:28:05Z</time></trkpt>
      <trkpt lat="36.1356509" lon="100.5571222"><ele>88.37</ele><time>2026-06-18T01:28:06Z</time></trkpt>
      <trkpt lat="36.1356765" lon="100.5571075"><ele>88.37</ele><time>2026-06-18T01:28:06Z</time></trkpt>
      <trkpt lat="36.1356996" lon="100.5570875"><ele>88.37</ele><time>2026-06-18T01:28:07Z</time></trkpt>
      <trkpt lat="36.1357195" lon="100.5570628"><ele>88.37</ele><time>2026-06-18T01:28:08Z</time></trkpt>
      <trkpt lat="36.1357356" lon="100.5570342"><ele>88.37</ele><time>2026-06-18T01:28:08Z</time></trkpt>
      <trkpt lat="36.1357476" lon="100.5570026"><ele>88.37</ele><time>2026-06-18T01:28:09Z</time></trkpt>
      <trkpt lat="36.1357549" lon="100.5569689"><ele>88.37</ele><time>2026-06-18T01:28:10Z</time></trkpt>
      <trkpt lat="36.1357573" lon="100.5569341"><ele>88.37</ele><time>2026-06-18T01:28:10Z</time></trkpt>
      <trkpt lat="36.1357573" lon="100.5568674"><ele>88.38</ele><time>2026-06-18T01:28:12Z</time></trkpt>
      <trkpt lat="36.1357573" lon="100.5568007"><ele>88.38</ele><time>2026-06-18T01:28:13Z</time></trkpt>
      <trkpt lat="36.1357573" lon="100.5567341"><ele>88.39</ele><time>2026-06-18T01:28:14Z</time></trkpt>
      <trkpt lat="36.1357573" lon="100.5566674"><ele>88.40</ele><time>2026-06-18T01:28:16Z</time></trkpt>
      <trkpt lat="36.1357573" lon="100.5566007"><ele>88.42</ele><time>2026-06-18T01:28:17Z</time></trkpt>
      <trkpt lat="36.1357573" lon="100.5565340"><ele>88.43</ele><time>2026-06-18T01:28:18Z</time></trkpt>
      <trkpt lat="36.1357573" lon="100.5564674"><ele>88.45</ele><time>2026-06-18T01:28:19Z</time></trkpt>
      <trkpt lat="36.1357573" lon="100.5564007"><ele>88.47</ele><time>2026-06-18T01:28:21Z</time></trkpt>
      <trkpt lat="36.1357573" lon="100.5563340"><ele>88.49</ele><time>2026-06-18T01:28:22Z</time></trkpt>
      <trkpt lat="36.1357573" lon="100.5562673"><ele>88.51</ele><time>2026-06-18T01:28:23Z</time></trkpt>
      <trkpt lat="36.1357573" lon="100.5562006"><ele>88.54</ele><time>2026-06-18T01:28:24Z</time></trkpt>
      <trkpt lat="36.1357573" lon="100.5561340"><ele>88.57</ele><time>2026-06-18T01:28:26Z</time></trkpt>
      <trkpt lat="36.1357573" lon="100.5560673"><ele>88.60</ele><time>2026-06-18T01:28:27Z</time></trkpt>
      <trkpt lat="36.1357573" lon="100.5560006"><ele>88.63</ele><time>2026-06-18T01:28:28Z</time></trkpt>
      <trkpt lat="36.1357573" lon="100.5559339"><ele>88.66</ele><time>2026-06-18T01:28:29Z</time></trkpt>
      <trkpt lat="36.1357573" lon="100.5558673"><ele>88.70</ele><time>2026-06-18T01:28:31Z</time></trkpt>
      <trkpt lat="36.1357573" lon="100.5558006"><ele>88.74</ele><time>2026-06-18T01:28:32Z</time></trkpt>
      <trkpt lat="36.1357573" lon="100.5557339"><ele>88.78</ele><time>2026-06-18T01:28:33Z</time></trkpt>
      <trkpt lat="36.1357573" lon="100.5556672"><ele>88.82</ele><time>2026-06-18T01:28:35Z</time></trkpt>
      <trkpt lat="36.1357573" lon="100.5556006"><ele>88.87</ele><time>2026-06-18T01:28:36Z</time></trkpt>
      <trkpt lat="36.1357573" lon="100.5555339"><ele>88.92</ele><time>2026-06-18T01:28:37Z</time></trkpt>
      <trkpt lat="36.1357573" lon="100.5554672"><ele>88.97</ele><time>2026-06-18T01:28:38Z</time></trkpt>
      <trkpt lat="36.1357573" lon="100.5554005"><ele>89.02</ele><time>2026-06-18T01:28:40Z</time></trkpt>
      <trkpt lat="36.1357573" lon="100.5553338"><ele>89.07</ele><time>2026-06-18T01:28:41Z</time></trkpt>
      <trkpt lat="36.1357573" lon="100.5552672"><ele>89.13</ele><time>2026-06-18T01:28:42Z</time></trkpt>
      <trkpt lat="36.1357573" lon="100.5552005"><ele>89.19</ele><time>2026-06-18T01:28:43Z</time></trkpt>
      <trkpt lat="36.1357573" lon="100.5551338"><ele>89.25</ele><time>2026-06-18T01:28:45Z</time></trkpt>
      <trkpt lat="36.1357573" lon="100.5550671"><ele>89.31</ele><time>2026-06-18T01:28:46Z</time></trkpt>
      <trkpt lat="36.1357573" lon="100.5550005"><ele>89.38</ele><time>2026-06-18T01:28:47Z</time></trkpt>
      <trkpt lat="36.1357573" lon="100.5549338"><ele>89.44</ele><time>2026-06-18T01:28:48Z</time></trkpt>
      <trkpt lat="36.1357573" lon="100.5548671"><ele>89.51</ele><time>2026-06-18T01:28:50Z</time></trkpt>
      <trkpt lat="36.1357573" lon="100.5548004"><ele>89.59</ele><time>2026-06-18T01:28:51Z</time></trkpt>
      <trkpt lat="36.1357573" lon="100.5547337"><ele>89.66</ele><time>2026-06-18T01:28:52Z</time></trkpt>
      <trkpt lat="36.1357573" lon="100.5546671"><ele>89.74</ele><time>2026-06-18T01:28:54Z</time></trkpt>
      <trkpt lat="36.1357573" lon="100.5546004"><ele>89.82</ele><time>2026-06-18T01:28:55Z</time></trkpt>
      <trkpt lat="36.1357573" lon="100.5545337"><ele>89.90</ele><time>2026-06-18T01:28:56Z</time></trkpt>
      <trkpt lat="36.1357573" lon="100.5544670"><ele>89.98</ele><time>2026-06-18T01:28:57Z</time></trkpt>
      <trkpt lat="36.1357573" lon="100.5544004"><ele>90.07</ele><time>2026-06-18T01:28:59Z</time></trkpt>
      <trkpt lat="36.1357573" lon="100.5543337"><ele>90.15</ele><time>2026-06-18T01:29:00Z</time></trkpt>
      <trkpt lat="36.1357573" lon="100.5542670"><ele>90.24</ele><time>2026-06-18T01:29:01Z</time></trkpt>
      <trkpt lat="36.1357573" lon="100.5542003"><ele>90.33</ele><time>2026-06-18T01:29:02Z</time></trkpt>
      <trkpt lat="36.1357573" lon="100.5541337"><ele>90.43</ele><time>2026-06-18T01:29:04Z</time></trkpt>
      <trkpt lat="36.1357573" lon="100.5540670"><ele>90.52</ele><time>2026-06-18T01:29:05Z</time></trkpt>
      <trkpt lat="36.1357573" lon="100.5540003"><ele>90.62</ele><time>2026-06-18T01:29:06Z</time></trkpt>
      <trkpt lat="36.1357573" lon="100.5539336"><ele>90.72</ele><time>2026-06-18T01:29:08Z</time></trkpt>
      <trkpt lat="36.1357573" lon="100.5538669"><ele>90.82</ele><time>2026-06-18T01:29:09Z</time></trkpt>
      <trkpt lat="36.1357573" lon="100.5538003"><ele>90.92</ele><time>2026-06-18T01:29:10Z</time></trkpt>
      <trkpt lat="36.1357573" lon="100.5537336"><ele>91.03</ele><time>2026-06-18T01:29:11Z</time></trkpt>
      <trkpt lat="36.1357573" lon="100.5536669"><ele>91.14</ele><time>2026-06-18T01:29:13Z</time></trkpt>
      <trkpt lat="36.1357573" lon="100.5536002"><ele>91.24</ele><time>2026-06-18T01:29:14Z</time></trkpt>
      <trkpt lat="36.1357573" lon="100.5535336"><ele>91.35</ele><time>2026-06-18T01:29:15Z</time></trkpt>
      <trkpt lat="36.1357573" lon="100.5534669"><ele>91.47</ele><time>2026-06-18T01:29:16Z</time></trkpt>
      <trkpt lat="36.1357573" lon="100.5534002"><ele>91.58</ele><time>2026-06-18T01:29:18Z</time></trkpt>
      <trkpt lat="36.1357573" lon="100.5533335"><ele>91.70</ele><time>2026-06-18T01:29:19Z</time></trkpt>
      <trkpt lat="36.1357573" lon="100.5532669"><ele>91.81</ele><time>2026-06-18T01:29:20Z</time></trkpt>
      <trkpt lat="36.1357573" lon="100.5532002"><ele>91.93</ele><time>2026-06-18T01:29:21Z</time></trkpt>
      <trkpt lat="36.1357573" lon="100.5531335"><ele>92.05</ele><time>2026-06-18T01:29:23Z</time></trkpt>
      <trkpt lat="36.1357573" lon="100.5530668"><ele>92.17</ele><time>2026-06-18T01:29:24Z</time></trkpt>
      <trkpt lat="36.1357573" lon="100.5530001"><ele>92.30</ele><time>2026-06-18T01:29:25Z</time></trkpt>
      <trkpt lat="36.1357573" lon="100.5529335"><ele>92.42</ele><time>2026-06-18T01:29:27Z</time></trkpt>
      <trkpt lat="36.1357573" lon="100.5528668"><ele>92.55</ele><time>2026-06-18T01:29:28Z</time></trkpt>
      <trkpt lat="36.1357573" lon="100.5528001"><ele>92.68</ele><time>2026-06-18T01:29:29Z</time></trkpt>
      <trkpt lat="36.1357573" lon="100.5527334"><ele>92.80</ele><time>2026-06-18T01:29:30Z</time></trkpt>
      <trkpt lat="36.1357573" lon="100.5526668"><ele>92.93</ele><time>2026-06-18T01:29:32Z</time></trkpt>
      <trkpt lat="36.1357573" lon="100.5526001"><ele>93.07</ele><time>2026-06-18T01:29:33Z</time></trkpt>
      <trkpt lat="36.1357573" lon="100.5525334"><ele>93.20</ele><time>2026-06-18T01:29:34Z</time></trkpt>
      <trkpt lat="36.1357573" lon="100.5524667"><ele>93.33</ele><time>2026-06-18T01:29:35Z</time></trkpt>
      <trkpt lat="36.1357573" lon="100.5524000"><ele>93.47</ele><time>2026-06-18T01:29:37Z</time></trkpt>
      <trkpt lat="36.1357573" lon="100.5523334"><ele>93.60</ele><time>2026-06-18T01:29:38Z</time></trkpt>
      <trkpt lat="36.1357573" lon="100.5522667"><ele>93.74</ele><time>2026-06-18T01:29:39Z</time></trkpt>
      <trkpt lat="36.1357573" lon="100.5522000"><ele>93.87</ele><time>2026-06-18T01:29:40Z</time></trkpt>
      <trkpt lat="36.1357573" lon="100.5521333"><ele>94.01</ele><time>2026-06-18T01:29:42Z</time></trkpt>
      <trkpt lat="36.1357573" lon="100.5520667"><ele>94.15</ele><time>2026-06-18T01:29:43Z</time></trkpt>
      <trkpt lat="36.1357573" lon="100.5520000"><ele>94.29</ele><time>2026-06-18T01:29:44Z</time></trkpt>
      <trkpt lat="36.1357573" lon="100.5519333"><ele>94.43</ele><time>2026-06-18T01:29:46Z</time></trkpt>
      <trkpt lat="36.1357573" lon="100.5518666"><ele>94.57</ele><time>2026-06-18T01:29:47Z</time></trkpt>
      <trkpt lat="36.1357573" lon="100.5518000"><ele>94.71</ele><time>2026-06-18T01:29:48Z</time></trkpt>
      <trkpt lat="36.1357573" lon="100.5517333"><ele>94.85</ele><time>2026-06-18T01:29:49Z</time></trkpt>
      <trkpt lat="36.1357573" lon="100.5516666"><ele>95.00</ele><time>2026-06-18T01:29:51Z</time></trkpt>
      <trkpt lat="36.1357573" lon="100.5515999"><ele>95.14</ele><time>2026-06-18T01:29:52Z</time></trkpt>
      <trkpt lat="36.1357573" lon="100.5515332"><ele>95.28</ele><time>2026-06-18T01:29:53Z</time></trkpt>
      <trkpt lat="36.1357573" lon="100.5514666"><ele>95.43</ele><time>2026-06-18T01:29:54Z</time></trkpt>
      <trkpt lat="36.1357573" lon="100.5513999"><ele>95.57</ele><time>2026-06-18T01:29:56Z</time></trkpt>
      <trkpt lat="36.1357573" lon="100.5513332"><ele>95.71</ele><time>2026-06-18T01:29:57Z</time></trkpt>
      <trkpt lat="36.1357573" lon="100.5512665"><ele>95.86</ele><time>2026-06-18T01:29:58Z</time></trkpt>
      <trkpt lat="36.1357573" lon="100.5511999"><ele>96.00</ele><time>2026-06-18T01:30:00Z</time></trkpt>
    </trkseg>
  </trk>
</gpx>
